Date,Crime_Code,Crime_Desc,Area,Weapon_Code,Weapon_Desc,Vict_Age,Vict_Sex,Vict_Desc,Status,Lat,Lng,Year
2019-02-15,Battery - misdemeanor,CRM AGNST CHLD (13 OR UNDER) (14-15 & SUSP 10 YRS OLDER),Olympic,400.0,"STRONG-ARM (HANDS, FIST, FEET OR BODILY FORCE)",15,F,Hispanic/Latin/Mexican,Invest Cont,34.0763,-118.2937,2019
2019-05-28,Battery - misdemeanor,BATTERY - SIMPLE ASSAULT,Olympic,400.0,"STRONG-ARM (HANDS, FIST, FEET OR BODILY FORCE)",5,F,Hispanic/Latin/Mexican,Invest Cont,34.0598,-118.2979,2019
2019-07-11,Battery - misdemeanor,BATTERY - SIMPLE ASSAULT,Central,400.0,"STRONG-ARM (HANDS, FIST, FEET OR BODILY FORCE)",12,F,Black,Invest Cont,34.053000000000004,-118.2444,2019
2019-03-08,Battery - misdemeanor,BATTERY - SIMPLE ASSAULT,Mission,400.0,"STRONG-ARM (HANDS, FIST, FEET OR BODILY FORCE)",38,M,Other,Adult Arrest,34.2267,-118.4704,2019
2019-04-17,Battery - misdemeanor,BATTERY - SIMPLE ASSAULT,West Valley,400.0,"STRONG-ARM (HANDS, FIST, FEET OR BODILY FORCE)",4,F,Hispanic/Latin/Mexican,Invest Cont,34.2085,-118.4771,2019
2019-05-28,Battery - misdemeanor,BATTERY - SIMPLE ASSAULT,Olympic,400.0,"STRONG-ARM (HANDS, FIST, FEET OR BODILY FORCE)",7,F,Hispanic/Latin/Mexican,Invest Cont,34.0598,-118.2979,2019
2019-02-10,Battery - misdemeanor,BATTERY - SIMPLE ASSAULT,Pacific,400.0,"STRONG-ARM (HANDS, FIST, FEET OR BODILY FORCE)",37,F,Other,Adult Other,33.9845,-118.4059,2019
2019-09-24,Battery - misdemeanor,BATTERY - SIMPLE ASSAULT,Rampart,400.0,"STRONG-ARM (HANDS, FIST, FEET OR BODILY FORCE)",9,F,Hispanic/Latin/Mexican,Invest Cont,34.0713,-118.2597,2019
2019-03-14,Spousal/Cohab Abuse - Simple Assault,INTIMATE PARTNER - SIMPLE ASSAULT,Van Nuys,400.0,"STRONG-ARM (HANDS, FIST, FEET OR BODILY FORCE)",34,F,Other Asian,Invest Cont,34.1903,-118.4399,2019
2019-08-14,Spousal/Cohab Abuse - Simple Assault,INTIMATE PARTNER - SIMPLE ASSAULT,Wilshire,400.0,"STRONG-ARM (HANDS, FIST, FEET OR BODILY FORCE)",46,M,Black,Invest Cont,34.04,-118.3624,2019
2019-10-19,Spousal/Cohab Abuse - Simple Assault,INTIMATE PARTNER - SIMPLE ASSAULT,Southeast,400.0,"STRONG-ARM (HANDS, FIST, FEET OR BODILY FORCE)",14,M,Black,Invest Cont,33.9365,-118.2848,2019
2019-11-07,Spousal/Cohab Abuse - Simple Assault,INTIMATE PARTNER - SIMPLE ASSAULT,Hollenbeck,400.0,"STRONG-ARM (HANDS, FIST, FEET OR BODILY FORCE)",29,F,Hispanic/Latin/Mexican,Invest Cont,34.0256,-118.1992,2019
2019-11-07,Spousal/Cohab Abuse - Simple Assault,INTIMATE PARTNER - SIMPLE ASSAULT,Rampart,400.0,"STRONG-ARM (HANDS, FIST, FEET OR BODILY FORCE)",14,F,Hispanic/Latin/Mexican,Invest Cont,34.0493,-118.2697,2019
2019-07-08,Spousal/Cohab Abuse - Simple Assault,INTIMATE PARTNER - SIMPLE ASSAULT,Wilshire,400.0,"STRONG-ARM (HANDS, FIST, FEET OR BODILY FORCE)",38,M,White,Adult Other,34.0538,-118.3622,2019
2019-05-09,Spousal/Cohab Abuse - Simple Assault,INTIMATE PARTNER - SIMPLE ASSAULT,Olympic,400.0,"STRONG-ARM (HANDS, FIST, FEET OR BODILY FORCE)",24,F,Hispanic/Latin/Mexican,Adult Other,34.0536,-118.3074,2019
2019-09-17,Spousal/Cohab Abuse - Simple Assault,INTIMATE PARTNER - SIMPLE ASSAULT,Mission,400.0,"STRONG-ARM (HANDS, FIST, FEET OR BODILY FORCE)",37,F,Other,Invest Cont,34.2199,-118.4278,2019
2019-01-09,Spousal/Cohab Abuse - Simple Assault,INTIMATE PARTNER - SIMPLE ASSAULT,Devonshire,500.0,UNKNOWN WEAPON/OTHER WEAPON,62,F,White,Adult Other,34.2591,-118.6028,2019
2019-07-12,Spousal/Cohab Abuse - Simple Assault,INTIMATE PARTNER - SIMPLE ASSAULT,Northeast,400.0,"STRONG-ARM (HANDS, FIST, FEET OR BODILY FORCE)",15,F,Hispanic/Latin/Mexican,Adult Other,34.0982,-118.2895,2019
2019-07-02,Spousal/Cohab Abuse - Simple Assault,INTIMATE PARTNER - SIMPLE ASSAULT,Southwest,400.0,"STRONG-ARM (HANDS, FIST, FEET OR BODILY FORCE)",23,F,Hispanic/Latin/Mexican,Invest Cont,34.0241,-118.3224,2019
2019-09-09,Spousal/Cohab Abuse - Simple Assault,INTIMATE PARTNER - SIMPLE ASSAULT,Foothill,400.0,"STRONG-ARM (HANDS, FIST, FEET OR BODILY FORCE)",26,F,Hispanic/Latin/Mexican,Adult Other,34.2677,-118.4051,2019
2019-12-17,Robbery,ROBBERY,West LA,400.0,"STRONG-ARM (HANDS, FIST, FEET OR BODILY FORCE)",6,F,Hispanic/Latin/Mexican,Juv Arrest,34.0461,-118.4609,2019
2019-01-21,Assault with a Deadly Weapon,"ASSAULT WITH DEADLY WEAPON, AGGRAVATED ASSAULT",Harbor,308.0,STICK,34,M,Black,Adult Arrest,33.7234,-118.288,2019
2019-08-12,Assault with a Deadly Weapon,"ASSAULT WITH DEADLY WEAPON, AGGRAVATED ASSAULT",Harbor,104.0,SHOTGUN,16,F,Hispanic/Latin/Mexican,Adult Arrest,33.7503,-118.2945,2019
2019-07-05,Assault with a Deadly Weapon,"ASSAULT WITH DEADLY WEAPON, AGGRAVATED ASSAULT",Southwest,500.0,UNKNOWN WEAPON/OTHER WEAPON,48,M,Black,Invest Cont,34.0328,-118.2991,2019
2019-08-15,Assault with a Deadly Weapon,"ASSAULT WITH DEADLY WEAPON, AGGRAVATED ASSAULT",Devonshire,207.0,OTHER KNIFE,43,F,Other,Adult Other,34.2994,-118.5056,2019
2019-11-25,Criminal Threats,CRIMINAL THREATS - NO WEAPON DISPLAYED,Foothill,511.0,VERBAL THREAT,27,F,Hispanic/Latin/Mexican,Adult Other,34.2393,-118.3938,2019
2019-12-21,Robbery - attempted,ATTEMPTED ROBBERY,Southeast,400.0,"STRONG-ARM (HANDS, FIST, FEET OR BODILY FORCE)",18,M,Hispanic/Latin/Mexican,Invest Cont,33.9538,-118.2695,2019
2019-01-23,812,SEXUAL PENETRATION W/FOREIGN OBJECT,Rampart,400.0,"STRONG-ARM (HANDS, FIST, FEET OR BODILY FORCE)",6,F,Hispanic/Latin/Mexican,Invest Cont,34.0477,-118.2751,2019
2019-02-07,812,SEXUAL PENETRATION W/FOREIGN OBJECT,Rampart,400.0,"STRONG-ARM (HANDS, FIST, FEET OR BODILY FORCE)",6,F,Hispanic/Latin/Mexican,Invest Cont,34.0423,-118.2804,2019
2019-02-19,812,SEXUAL PENETRATION W/FOREIGN OBJECT,Southwest,400.0,"STRONG-ARM (HANDS, FIST, FEET OR BODILY FORCE)",8,F,Hispanic/Latin/Mexican,Invest Cont,34.0274,-118.31200000000001,2019
2019-02-28,812,CRM AGNST CHLD (13 OR UNDER) (14-15 & SUSP 10 YRS OLDER),Southwest,400.0,"STRONG-ARM (HANDS, FIST, FEET OR BODILY FORCE)",8,F,Hispanic/Latin/Mexican,Adult Arrest,34.0112,-118.2827,2019
2019-03-14,812,CRM AGNST CHLD (13 OR UNDER) (14-15 & SUSP 10 YRS OLDER),Southwest,400.0,"STRONG-ARM (HANDS, FIST, FEET OR BODILY FORCE)",5,F,Hispanic/Latin/Mexican,Adult Arrest,34.0112,-118.2827,2019
2019-01-31,812,SEXUAL PENETRATION W/FOREIGN OBJECT,Hollenbeck,400.0,"STRONG-ARM (HANDS, FIST, FEET OR BODILY FORCE)",4,F,Hispanic/Latin/Mexican,Invest Cont,34.0871,-118.1799,2019
2019-02-15,812,SEXUAL PENETRATION W/FOREIGN OBJECT,Hollenbeck,400.0,"STRONG-ARM (HANDS, FIST, FEET OR BODILY FORCE)",4,F,Hispanic/Latin/Mexican,Invest Cont,34.0806,-118.2176,2019
2019-03-22,812,CRM AGNST CHLD (13 OR UNDER) (14-15 & SUSP 10 YRS OLDER),Harbor,400.0,"STRONG-ARM (HANDS, FIST, FEET OR BODILY FORCE)",5,F,Hispanic/Latin/Mexican,Invest Cont,33.7105,-118.286,2019
2019-05-06,812,CRM AGNST CHLD (13 OR UNDER) (14-15 & SUSP 10 YRS OLDER),Harbor,400.0,"STRONG-ARM (HANDS, FIST, FEET OR BODILY FORCE)",6,F,White,Invest Cont,33.7424,-118.2804,2019
2019-05-16,812,CRM AGNST CHLD (13 OR UNDER) (14-15 & SUSP 10 YRS OLDER),Northeast,400.0,"STRONG-ARM (HANDS, FIST, FEET OR BODILY FORCE)",8,F,Hispanic/Latin/Mexican,Invest Cont,34.1021,-118.2021,2019
2019-05-22,812,CRM AGNST CHLD (13 OR UNDER) (14-15 & SUSP 10 YRS OLDER),Newton,400.0,"STRONG-ARM (HANDS, FIST, FEET OR BODILY FORCE)",6,F,Hispanic/Latin/Mexican,Invest Cont,34.001,-118.2441,2019
2019-02-18,812,SODOMY/SEXUAL CONTACT B/W PENIS OF ONE PERS TO ANUS OTH,Mission,400.0,"STRONG-ARM (HANDS, FIST, FEET OR BODILY FORCE)",3,M,Hispanic/Latin/Mexican,Invest Cont,34.3103,-118.4467,2019
2019-05-13,812,CRM AGNST CHLD (13 OR UNDER) (14-15 & SUSP 10 YRS OLDER),Mission,400.0,"STRONG-ARM (HANDS, FIST, FEET OR BODILY FORCE)",2,F,Hispanic/Latin/Mexican,Invest Cont,34.2374,-118.4676,2019
2019-05-17,812,SEXUAL PENETRATION W/FOREIGN OBJECT,Mission,400.0,"STRONG-ARM (HANDS, FIST, FEET OR BODILY FORCE)",5,F,Black,Invest Cont,34.2509,-118.4598,2019
2019-06-11,812,CRM AGNST CHLD (13 OR UNDER) (14-15 & SUSP 10 YRS OLDER),Mission,400.0,"STRONG-ARM (HANDS, FIST, FEET OR BODILY FORCE)",4,F,Hispanic/Latin/Mexican,Invest Cont,34.3095,-118.4672,2019
2019-02-15,812,CRM AGNST CHLD (13 OR UNDER) (14-15 & SUSP 10 YRS OLDER),Olympic,400.0,"STRONG-ARM (HANDS, FIST, FEET OR BODILY FORCE)",4,F,Hispanic/Latin/Mexican,Invest Cont,34.0372,-118.3003,2019
2019-05-16,812,CRM AGNST CHLD (13 OR UNDER) (14-15 & SUSP 10 YRS OLDER),Mission,400.0,"STRONG-ARM (HANDS, FIST, FEET OR BODILY FORCE)",4,F,Hispanic/Latin/Mexican,Invest Cont,34.3095,-118.4672,2019
2019-06-27,812,ORAL COPULATION,Wilshire,400.0,"STRONG-ARM (HANDS, FIST, FEET OR BODILY FORCE)",6,F,Hispanic/Latin/Mexican,Invest Cont,34.038000000000004,-118.3272,2019
2019-07-29,812,CRM AGNST CHLD (13 OR UNDER) (14-15 & SUSP 10 YRS OLDER),Southwest,400.0,"STRONG-ARM (HANDS, FIST, FEET OR BODILY FORCE)",7,F,Black,Invest Cont,34.0326,-118.3416,2019
2019-07-13,812,CRM AGNST CHLD (13 OR UNDER) (14-15 & SUSP 10 YRS OLDER),Hollywood,400.0,"STRONG-ARM (HANDS, FIST, FEET OR BODILY FORCE)",8,F,Hispanic/Latin/Mexican,Invest Cont,34.0862,-118.3078,2019
2019-06-29,812,CRM AGNST CHLD (13 OR UNDER) (14-15 & SUSP 10 YRS OLDER),Foothill,400.0,"STRONG-ARM (HANDS, FIST, FEET OR BODILY FORCE)",3,F,Hispanic/Latin/Mexican,Adult Other,34.2175,-118.3703,2019
2019-09-04,812,ORAL COPULATION,Mission,400.0,"STRONG-ARM (HANDS, FIST, FEET OR BODILY FORCE)",8,F,Hispanic/Latin/Mexican,Invest Cont,34.2726,-118.4447,2019
2019-07-25,812,CRM AGNST CHLD (13 OR UNDER) (14-15 & SUSP 10 YRS OLDER),Hollenbeck,400.0,"STRONG-ARM (HANDS, FIST, FEET OR BODILY FORCE)",4,F,Hispanic/Latin/Mexican,Invest Cont,34.0638,-118.1785,2019
2019-10-07,812,CRM AGNST CHLD (13 OR UNDER) (14-15 & SUSP 10 YRS OLDER),Harbor,400.0,"STRONG-ARM (HANDS, FIST, FEET OR BODILY FORCE)",9,F,Hispanic/Latin/Mexican,Invest Cont,33.7831,-118.2552,2019
2019-10-07,812,CRM AGNST CHLD (13 OR UNDER) (14-15 & SUSP 10 YRS OLDER),Harbor,400.0,"STRONG-ARM (HANDS, FIST, FEET OR BODILY FORCE)",6,F,Hispanic/Latin/Mexican,Invest Cont,33.7831,-118.2552,2019
2019-04-30,812,CRM AGNST CHLD (13 OR UNDER) (14-15 & SUSP 10 YRS OLDER),West Valley,400.0,"STRONG-ARM (HANDS, FIST, FEET OR BODILY FORCE)",4,F,Hispanic/Latin/Mexican,Adult Other,34.2085,-118.4771,2019
2019-04-30,812,ORAL COPULATION,West Valley,400.0,"STRONG-ARM (HANDS, FIST, FEET OR BODILY FORCE)",4,F,Hispanic/Latin/Mexican,Adult Other,34.2085,-118.4771,2019
2019-10-20,812,CRM AGNST CHLD (13 OR UNDER) (14-15 & SUSP 10 YRS OLDER),Southeast,400.0,"STRONG-ARM (HANDS, FIST, FEET OR BODILY FORCE)",6,F,Hispanic/Latin/Mexican,Invest Cont,33.9534,-118.2651,2019
2019-10-25,812,CRM AGNST CHLD (13 OR UNDER) (14-15 & SUSP 10 YRS OLDER),Northeast,400.0,"STRONG-ARM (HANDS, FIST, FEET OR BODILY FORCE)",11,F,Hispanic/Latin/Mexican,Invest Cont,34.1174,-118.1972,2019
2019-08-09,812,CRM AGNST CHLD (13 OR UNDER) (14-15 & SUSP 10 YRS OLDER),Mission,400.0,"STRONG-ARM (HANDS, FIST, FEET OR BODILY FORCE)",4,F,Hispanic/Latin/Mexican,Adult Other,34.2385,-118.4293,2019
2019-02-15,812,CRM AGNST CHLD (13 OR UNDER) (14-15 & SUSP 10 YRS OLDER),Southwest,400.0,"STRONG-ARM (HANDS, FIST, FEET OR BODILY FORCE)",5,F,Hispanic/Latin/Mexican,Adult Other,34.0276,-118.3551,2019
2019-06-28,812,CRM AGNST CHLD (13 OR UNDER) (14-15 & SUSP 10 YRS OLDER),N Hollywood,400.0,"STRONG-ARM (HANDS, FIST, FEET OR BODILY FORCE)",3,F,Hispanic/Latin/Mexican,Adult Arrest,34.1758,-118.367,2019
2019-12-11,812,ORAL COPULATION,Rampart,400.0,"STRONG-ARM (HANDS, FIST, FEET OR BODILY FORCE)",2,F,Hispanic/Latin/Mexican,Invest Cont,34.0794,-118.2953,2019
2019-11-19,812,CRM AGNST CHLD (13 OR UNDER) (14-15 & SUSP 10 YRS OLDER),Hollenbeck,400.0,"STRONG-ARM (HANDS, FIST, FEET OR BODILY FORCE)",8,F,Hispanic/Latin/Mexican,Invest Cont,34.0509,-118.2268,2019
2019-12-04,812,CRM AGNST CHLD (13 OR UNDER) (14-15 & SUSP 10 YRS OLDER),Foothill,400.0,"STRONG-ARM (HANDS, FIST, FEET OR BODILY FORCE)",6,F,Hispanic/Latin/Mexican,Invest Cont,34.2665,-118.4144,2019
2019-11-23,812,CRM AGNST CHLD (13 OR UNDER) (14-15 & SUSP 10 YRS OLDER),Southwest,400.0,"STRONG-ARM (HANDS, FIST, FEET OR BODILY FORCE)",3,F,Hispanic/Latin/Mexican,Juv Other,34.0312,-118.3251,2019
2019-09-24,812,CRM AGNST CHLD (13 OR UNDER) (14-15 & SUSP 10 YRS OLDER),Mission,400.0,"STRONG-ARM (HANDS, FIST, FEET OR BODILY FORCE)",4,F,Hispanic/Latin/Mexican,Adult Other,34.2997,-118.4696,2019
2019-10-31,812,CRM AGNST CHLD (13 OR UNDER) (14-15 & SUSP 10 YRS OLDER),Topanga,400.0,"STRONG-ARM (HANDS, FIST, FEET OR BODILY FORCE)",4,F,White,Invest Cont,34.201,-118.6213,2019
2019-09-10,812,CRM AGNST CHLD (13 OR UNDER) (14-15 & SUSP 10 YRS OLDER),Foothill,400.0,"STRONG-ARM (HANDS, FIST, FEET OR BODILY FORCE)",6,F,Hispanic/Latin/Mexican,Adult Other,34.2753,-118.4095,2019
2019-08-17,812,CRM AGNST CHLD (13 OR UNDER) (14-15 & SUSP 10 YRS OLDER),Southwest,400.0,"STRONG-ARM (HANDS, FIST, FEET OR BODILY FORCE)",8,F,Hispanic/Latin/Mexican,Invest Cont,34.0287,-118.3589,2019
2019-05-26,812,SEXUAL PENETRATION W/FOREIGN OBJECT,Hollenbeck,400.0,"STRONG-ARM (HANDS, FIST, FEET OR BODILY FORCE)",7,F,Hispanic/Latin/Mexican,Invest Cont,34.0347,-118.2008,2019
2019-01-25,812,CRM AGNST CHLD (13 OR UNDER) (14-15 & SUSP 10 YRS OLDER),77th Street,400.0,"STRONG-ARM (HANDS, FIST, FEET OR BODILY FORCE)",8,F,Hispanic/Latin/Mexican,Adult Arrest,33.982,-118.287,2019
2019-09-19,812,CRM AGNST CHLD (13 OR UNDER) (14-15 & SUSP 10 YRS OLDER),Foothill,400.0,"STRONG-ARM (HANDS, FIST, FEET OR BODILY FORCE)",8,F,Hispanic/Latin/Mexican,Invest Cont,34.2784,-118.2932,2019
2019-11-12,812,CRM AGNST CHLD (13 OR UNDER) (14-15 & SUSP 10 YRS OLDER),N Hollywood,400.0,"STRONG-ARM (HANDS, FIST, FEET OR BODILY FORCE)",8,F,Black,Invest Cont,34.1382,-118.3891,2019
2019-12-31,812,CRM AGNST CHLD (13 OR UNDER) (14-15 & SUSP 10 YRS OLDER),Foothill,400.0,"STRONG-ARM (HANDS, FIST, FEET OR BODILY FORCE)",6,M,Hispanic/Latin/Mexican,Invest Cont,34.2758,-118.4052,2019
2019-08-14,812,CRM AGNST CHLD (13 OR UNDER) (14-15 & SUSP 10 YRS OLDER),Foothill,400.0,"STRONG-ARM (HANDS, FIST, FEET OR BODILY FORCE)",6,F,Hispanic/Latin/Mexican,Juv Other,34.2545,-118.4272,2019
2019-04-18,812,ORAL COPULATION,Newton,400.0,"STRONG-ARM (HANDS, FIST, FEET OR BODILY FORCE)",9,F,Hispanic/Latin/Mexican,Invest Cont,34.0092,-118.2692,2019
2019-04-19,812,CRM AGNST CHLD (13 OR UNDER) (14-15 & SUSP 10 YRS OLDER),Southwest,400.0,"STRONG-ARM (HANDS, FIST, FEET OR BODILY FORCE)",7,F,Hispanic/Latin/Mexican,Invest Cont,34.0097,-118.2827,2019
2019-03-26,812,CRM AGNST CHLD (13 OR UNDER) (14-15 & SUSP 10 YRS OLDER),Foothill,400.0,"STRONG-ARM (HANDS, FIST, FEET OR BODILY FORCE)",9,F,Hispanic/Latin/Mexican,Adult Other,34.2681,-118.4303,2019
2019-03-14,812,CRM AGNST CHLD (13 OR UNDER) (14-15 & SUSP 10 YRS OLDER),Olympic,400.0,"STRONG-ARM (HANDS, FIST, FEET OR BODILY FORCE)",9,M,Hispanic/Latin/Mexican,Invest Cont,34.0599,-118.3143,2019
2019-05-24,812,SEXUAL PENETRATION W/FOREIGN OBJECT,Hollenbeck,400.0,"STRONG-ARM (HANDS, FIST, FEET OR BODILY FORCE)",7,F,Hispanic/Latin/Mexican,Adult Arrest,34.0863,-118.1614,2019
2019-07-17,812,SODOMY/SEXUAL CONTACT B/W PENIS OF ONE PERS TO ANUS OTH,West Valley,400.0,"STRONG-ARM (HANDS, FIST, FEET OR BODILY FORCE)",9,F,Hispanic/Latin/Mexican,Adult Arrest,34.2048,-118.5251,2019
2019-03-18,812,SEXUAL PENETRATION W/FOREIGN OBJECT,Van Nuys,400.0,"STRONG-ARM (HANDS, FIST, FEET OR BODILY FORCE)",13,F,Hispanic/Latin/Mexican,Adult Other,34.2084,-118.4599,2019
2019-02-20,812,CRM AGNST CHLD (13 OR UNDER) (14-15 & SUSP 10 YRS OLDER),Mission,400.0,"STRONG-ARM (HANDS, FIST, FEET OR BODILY FORCE)",5,F,Hispanic/Latin/Mexican,Invest Cont,34.239000000000004,-118.446,2019
2019-10-08,812,SEXUAL PENETRATION W/FOREIGN OBJECT,Northeast,400.0,"STRONG-ARM (HANDS, FIST, FEET OR BODILY FORCE)",6,F,Hispanic/Latin/Mexican,Invest Cont,34.134,-118.1899,2019
2019-03-27,812,SEXUAL PENETRATION W/FOREIGN OBJECT,Newton,400.0,"STRONG-ARM (HANDS, FIST, FEET OR BODILY FORCE)",6,F,Hispanic/Latin/Mexican,Adult Other,34.0203,-118.2506,2019
2019-09-10,812,CRM AGNST CHLD (13 OR UNDER) (14-15 & SUSP 10 YRS OLDER),Rampart,400.0,"STRONG-ARM (HANDS, FIST, FEET OR BODILY FORCE)",4,F,Hispanic/Latin/Mexican,Invest Cont,34.0579,-118.2711,2019
2019-08-20,812,CRM AGNST CHLD (13 OR UNDER) (14-15 & SUSP 10 YRS OLDER),West LA,400.0,"STRONG-ARM (HANDS, FIST, FEET OR BODILY FORCE)",5,M,White,Invest Cont,34.0371,-118.4086,2019
2019-05-21,812,CRM AGNST CHLD (13 OR UNDER) (14-15 & SUSP 10 YRS OLDER),Pacific,400.0,"STRONG-ARM (HANDS, FIST, FEET OR BODILY FORCE)",7,F,Black,Adult Other,34.004,-118.4305,2019
2019-01-04,812,CRM AGNST CHLD (13 OR UNDER) (14-15 & SUSP 10 YRS OLDER),Newton,400.0,"STRONG-ARM (HANDS, FIST, FEET OR BODILY FORCE)",7,F,Hispanic/Latin/Mexican,Invest Cont,34.0206,-118.2541,2019
2019-08-08,812,CRM AGNST CHLD (13 OR UNDER) (14-15 & SUSP 10 YRS OLDER),Newton,400.0,"STRONG-ARM (HANDS, FIST, FEET OR BODILY FORCE)",7,F,Hispanic/Latin/Mexican,Adult Arrest,34.021,-118.26700000000001,2019
2019-07-08,812,SEXUAL PENETRATION W/FOREIGN OBJECT,Olympic,400.0,"STRONG-ARM (HANDS, FIST, FEET OR BODILY FORCE)",6,F,Hispanic/Latin/Mexican,Invest Cont,34.0709,-118.2941,2019
2019-09-24,812,CRM AGNST CHLD (13 OR UNDER) (14-15 & SUSP 10 YRS OLDER),Harbor,400.0,"STRONG-ARM (HANDS, FIST, FEET OR BODILY FORCE)",4,F,Hispanic/Latin/Mexican,Invest Cont,33.7814,-118.2594,2019
2019-02-26,812,SODOMY/SEXUAL CONTACT B/W PENIS OF ONE PERS TO ANUS OTH,Van Nuys,400.0,"STRONG-ARM (HANDS, FIST, FEET OR BODILY FORCE)",3,F,White,Adult Other,34.1831,-118.471,2019
2019-03-19,812,SEXUAL PENETRATION W/FOREIGN OBJECT,77th Street,400.0,"STRONG-ARM (HANDS, FIST, FEET OR BODILY FORCE)",7,F,Hispanic/Latin/Mexican,Invest Cont,33.9654,-118.2739,2019
2019-12-16,812,CRM AGNST CHLD (13 OR UNDER) (14-15 & SUSP 10 YRS OLDER),Newton,400.0,"STRONG-ARM (HANDS, FIST, FEET OR BODILY FORCE)",7,F,Hispanic/Latin/Mexican,Invest Cont,34.0018,-118.2565,2019
2019-01-14,812,ORAL COPULATION,Rampart,400.0,"STRONG-ARM (HANDS, FIST, FEET OR BODILY FORCE)",7,F,Hispanic/Latin/Mexican,Adult Arrest,34.0729,-118.2803,2019
2019-12-17,812,SEXUAL PENETRATION W/FOREIGN OBJECT,Northeast,400.0,"STRONG-ARM (HANDS, FIST, FEET OR BODILY FORCE)",8,F,Hispanic/Latin/Mexican,Invest Cont,34.116,-118.234,2019
2019-10-30,812,CRM AGNST CHLD (13 OR UNDER) (14-15 & SUSP 10 YRS OLDER),Harbor,400.0,"STRONG-ARM (HANDS, FIST, FEET OR BODILY FORCE)",9,F,Black,Adult Other,33.7352,-118.2968,2019
2019-04-10,812,SEXUAL PENETRATION W/FOREIGN OBJECT,Rampart,400.0,"STRONG-ARM (HANDS, FIST, FEET OR BODILY FORCE)",4,F,Hispanic/Latin/Mexican,Invest Cont,34.0562,-118.2673,2019
2019-04-12,812,CRM AGNST CHLD (13 OR UNDER) (14-15 & SUSP 10 YRS OLDER),Hollenbeck,400.0,"STRONG-ARM (HANDS, FIST, FEET OR BODILY FORCE)",9,F,Hispanic/Latin/Mexican,Invest Cont,34.0437,-118.2098,2019
2019-06-24,812,SEXUAL PENETRATION W/FOREIGN OBJECT,Hollywood,400.0,"STRONG-ARM (HANDS, FIST, FEET OR BODILY FORCE)",8,F,Hispanic/Latin/Mexican,Invest Cont,34.0871,-118.331,2019
2019-01-03,812,SEXUAL PENETRATION W/FOREIGN OBJECT,N Hollywood,400.0,"STRONG-ARM (HANDS, FIST, FEET OR BODILY FORCE)",4,F,Hispanic/Latin/Mexican,Adult Other,34.194,-118.39,2019
2019-07-30,812,CRM AGNST CHLD (13 OR UNDER) (14-15 & SUSP 10 YRS OLDER),Harbor,400.0,"STRONG-ARM (HANDS, FIST, FEET OR BODILY FORCE)",11,F,Hispanic/Latin/Mexican,Adult Other,33.754,-118.3048,2019
2019-05-13,812,CRM AGNST CHLD (13 OR UNDER) (14-15 & SUSP 10 YRS OLDER),Mission,400.0,"STRONG-ARM (HANDS, FIST, FEET OR BODILY FORCE)",9,F,Hispanic/Latin/Mexican,Adult Other,34.2389,-118.4536,2019
2019-10-22,812,ORAL COPULATION,Hollenbeck,400.0,"STRONG-ARM (HANDS, FIST, FEET OR BODILY FORCE)",4,F,White,Invest Cont,34.0893,-118.1707,2019
2019-11-20,812,ORAL COPULATION,Southeast,400.0,"STRONG-ARM (HANDS, FIST, FEET OR BODILY FORCE)",4,F,Hispanic/Latin/Mexican,Invest Cont,33.9447,-118.2717,2019
2019-12-30,812,ORAL COPULATION,Olympic,400.0,"STRONG-ARM (HANDS, FIST, FEET OR BODILY FORCE)",5,F,Hispanic/Latin/Mexican,Invest Cont,34.0454,-118.3072,2019
2019-05-09,812,ORAL COPULATION,West Valley,400.0,"STRONG-ARM (HANDS, FIST, FEET OR BODILY FORCE)",8,M,Hispanic/Latin/Mexican,Invest Cont,34.1976,-118.4793,2019
2019-05-09,812,SEXUAL PENETRATION W/FOREIGN OBJECT,Mission,400.0,"STRONG-ARM (HANDS, FIST, FEET OR BODILY FORCE)",6,F,Hispanic/Latin/Mexican,Invest Cont,34.2471,-118.4482,2019
2019-10-23,812,CRM AGNST CHLD (13 OR UNDER) (14-15 & SUSP 10 YRS OLDER),Topanga,400.0,"STRONG-ARM (HANDS, FIST, FEET OR BODILY FORCE)",6,F,Hispanic/Latin/Mexican,Adult Arrest,34.211999999999996,-118.5754,2019
2019-04-12,812,CRM AGNST CHLD (13 OR UNDER) (14-15 & SUSP 10 YRS OLDER),Southwest,400.0,"STRONG-ARM (HANDS, FIST, FEET OR BODILY FORCE)",11,M,Hispanic/Latin/Mexican,Adult Other,34.0155,-118.3034,2019
2019-06-26,812,ORAL COPULATION,77th Street,400.0,"STRONG-ARM (HANDS, FIST, FEET OR BODILY FORCE)",5,F,Hispanic/Latin/Mexican,Invest Cont,33.9624,-118.2761,2019
2019-04-04,812,ORAL COPULATION,77th Street,400.0,"STRONG-ARM (HANDS, FIST, FEET OR BODILY FORCE)",0,F,Black,Adult Other,33.9918,-118.3149,2019
2019-01-18,812,CRM AGNST CHLD (13 OR UNDER) (14-15 & SUSP 10 YRS OLDER),West Valley,400.0,"STRONG-ARM (HANDS, FIST, FEET OR BODILY FORCE)",8,F,Hispanic/Latin/Mexican,Adult Other,34.2048,-118.5502,2019
2019-12-17,812,CRM AGNST CHLD (13 OR UNDER) (14-15 & SUSP 10 YRS OLDER),Olympic,400.0,"STRONG-ARM (HANDS, FIST, FEET OR BODILY FORCE)",9,F,Hispanic/Latin/Mexican,Invest Cont,34.0799,-118.3046,2019
2019-01-23,812,CRM AGNST CHLD (13 OR UNDER) (14-15 & SUSP 10 YRS OLDER),Foothill,400.0,"STRONG-ARM (HANDS, FIST, FEET OR BODILY FORCE)",6,F,Hispanic/Latin/Mexican,Adult Other,34.2531,-118.429,2019
2019-12-09,812,CRM AGNST CHLD (13 OR UNDER) (14-15 & SUSP 10 YRS OLDER),Van Nuys,400.0,"STRONG-ARM (HANDS, FIST, FEET OR BODILY FORCE)",7,F,Hispanic/Latin/Mexican,Adult Other,34.1604,-118.4268,2019
2019-06-10,812,CRM AGNST CHLD (13 OR UNDER) (14-15 & SUSP 10 YRS OLDER),Southwest,400.0,"STRONG-ARM (HANDS, FIST, FEET OR BODILY FORCE)",9,F,Hispanic/Latin/Mexican,Invest Cont,34.0189,-118.3177,2019
2019-10-28,812,ORAL COPULATION,Southeast,400.0,"STRONG-ARM (HANDS, FIST, FEET OR BODILY FORCE)",6,F,Hispanic/Latin/Mexican,Invest Cont,33.9533,-118.2446,2019
2019-09-05,812,CRM AGNST CHLD (13 OR UNDER) (14-15 & SUSP 10 YRS OLDER),Mission,400.0,"STRONG-ARM (HANDS, FIST, FEET OR BODILY FORCE)",7,F,Hispanic/Latin/Mexican,Invest Cont,34.3238,-118.4387,2019
2019-11-19,812,CRM AGNST CHLD (13 OR UNDER) (14-15 & SUSP 10 YRS OLDER),Hollenbeck,400.0,"STRONG-ARM (HANDS, FIST, FEET OR BODILY FORCE)",6,F,Hispanic/Latin/Mexican,Invest Cont,34.0537,-118.2034,2019
2019-12-19,812,ORAL COPULATION,Northeast,400.0,"STRONG-ARM (HANDS, FIST, FEET OR BODILY FORCE)",7,F,Hispanic/Latin/Mexican,Invest Cont,34.1217,-118.1964,2019
2019-07-11,812,CRM AGNST CHLD (13 OR UNDER) (14-15 & SUSP 10 YRS OLDER),Pacific,400.0,"STRONG-ARM (HANDS, FIST, FEET OR BODILY FORCE)",10,F,Other,Invest Cont,34.0247,-118.4454,2019
2019-01-22,812,CRM AGNST CHLD (13 OR UNDER) (14-15 & SUSP 10 YRS OLDER),Mission,400.0,"STRONG-ARM (HANDS, FIST, FEET OR BODILY FORCE)",5,F,Hispanic/Latin/Mexican,Invest Cont,34.2389,-118.4536,2019
2019-06-26,812,CRM AGNST CHLD (13 OR UNDER) (14-15 & SUSP 10 YRS OLDER),Hollywood,400.0,"STRONG-ARM (HANDS, FIST, FEET OR BODILY FORCE)",6,F,Hispanic/Latin/Mexican,Invest Cont,34.086,-118.3091,2019
2019-03-25,812,CRM AGNST CHLD (13 OR UNDER) (14-15 & SUSP 10 YRS OLDER),Foothill,400.0,"STRONG-ARM (HANDS, FIST, FEET OR BODILY FORCE)",4,F,Hispanic/Latin/Mexican,Adult Other,34.2606,-118.4224,2019
2019-03-06,812,SODOMY/SEXUAL CONTACT B/W PENIS OF ONE PERS TO ANUS OTH,Mission,400.0,"STRONG-ARM (HANDS, FIST, FEET OR BODILY FORCE)",6,F,Hispanic/Latin/Mexican,Invest Cont,34.2389,-118.4536,2019
2019-05-08,812,CRM AGNST CHLD (13 OR UNDER) (14-15 & SUSP 10 YRS OLDER),West Valley,400.0,"STRONG-ARM (HANDS, FIST, FEET OR BODILY FORCE)",3,F,Hispanic/Latin/Mexican,Invest Cont,34.1939,-118.4793,2019
2019-04-02,812,CRM AGNST CHLD (13 OR UNDER) (14-15 & SUSP 10 YRS OLDER),Mission,400.0,"STRONG-ARM (HANDS, FIST, FEET OR BODILY FORCE)",4,F,Hispanic/Latin/Mexican,Invest Cont,34.3103,-118.4532,2019
2019-05-23,812,CRM AGNST CHLD (13 OR UNDER) (14-15 & SUSP 10 YRS OLDER),Harbor,400.0,"STRONG-ARM (HANDS, FIST, FEET OR BODILY FORCE)",15,F,Other,Adult Other,33.7894,-118.2469,2019
2019-03-04,812,CRM AGNST CHLD (13 OR UNDER) (14-15 & SUSP 10 YRS OLDER),Southeast,400.0,"STRONG-ARM (HANDS, FIST, FEET OR BODILY FORCE)",6,F,Hispanic/Latin/Mexican,Invest Cont,33.9468,-118.2638,2019
2019-07-02,812,CRM AGNST CHLD (13 OR UNDER) (14-15 & SUSP 10 YRS OLDER),Olympic,400.0,"STRONG-ARM (HANDS, FIST, FEET OR BODILY FORCE)",4,F,Hispanic/Latin/Mexican,Invest Cont,34.055,-118.2842,2019
2019-03-05,812,CRM AGNST CHLD (13 OR UNDER) (14-15 & SUSP 10 YRS OLDER),Mission,400.0,"STRONG-ARM (HANDS, FIST, FEET OR BODILY FORCE)",6,M,Hispanic/Latin/Mexican,Invest Cont,34.2356,-118.4698,2019
2019-08-13,812,SEXUAL PENETRATION W/FOREIGN OBJECT,Foothill,400.0,"STRONG-ARM (HANDS, FIST, FEET OR BODILY FORCE)",5,F,Hispanic/Latin/Mexican,Adult Other,34.2834,-118.4183,2019
2019-01-03,812,ORAL COPULATION,N Hollywood,400.0,"STRONG-ARM (HANDS, FIST, FEET OR BODILY FORCE)",6,M,Hispanic/Latin/Mexican,Adult Other,34.196,-118.4052,2019
2019-10-03,812,CRM AGNST CHLD (13 OR UNDER) (14-15 & SUSP 10 YRS OLDER),77th Street,400.0,"STRONG-ARM (HANDS, FIST, FEET OR BODILY FORCE)",5,F,Hispanic/Latin/Mexican,Invest Cont,33.9651,-118.2754,2019
2019-02-07,812,CRM AGNST CHLD (13 OR UNDER) (14-15 & SUSP 10 YRS OLDER),Newton,400.0,"STRONG-ARM (HANDS, FIST, FEET OR BODILY FORCE)",6,F,Hispanic/Latin/Mexican,Invest Cont,34.0097,-118.2704,2019
2019-06-14,812,CRM AGNST CHLD (13 OR UNDER) (14-15 & SUSP 10 YRS OLDER),Rampart,400.0,"STRONG-ARM (HANDS, FIST, FEET OR BODILY FORCE)",8,F,Hispanic/Latin/Mexican,Invest Cont,34.0863,-118.2806,2019
2019-03-01,812,ORAL COPULATION,Southeast,400.0,"STRONG-ARM (HANDS, FIST, FEET OR BODILY FORCE)",7,F,Black,Invest Cont,33.9519,-118.2827,2019
2019-01-24,812,SEXUAL PENETRATION W/FOREIGN OBJECT,Southeast,400.0,"STRONG-ARM (HANDS, FIST, FEET OR BODILY FORCE)",7,F,Hispanic/Latin/Mexican,Juv Arrest,33.9474,-118.2541,2019
2019-05-02,812,CRM AGNST CHLD (13 OR UNDER) (14-15 & SUSP 10 YRS OLDER),Newton,400.0,"STRONG-ARM (HANDS, FIST, FEET OR BODILY FORCE)",8,F,Hispanic/Latin/Mexican,Adult Other,34.0066,-118.274,2019
2019-05-09,812,ORAL COPULATION,Topanga,400.0,"STRONG-ARM (HANDS, FIST, FEET OR BODILY FORCE)",7,F,White,Adult Other,34.1872,-118.5691,2019
2019-09-24,812,CRM AGNST CHLD (13 OR UNDER) (14-15 & SUSP 10 YRS OLDER),Olympic,400.0,"STRONG-ARM (HANDS, FIST, FEET OR BODILY FORCE)",10,F,Hispanic/Latin/Mexican,Invest Cont,34.0418,-118.3134,2019
2019-06-26,812,CRM AGNST CHLD (13 OR UNDER) (14-15 & SUSP 10 YRS OLDER),77th Street,400.0,"STRONG-ARM (HANDS, FIST, FEET OR BODILY FORCE)",2,F,Hispanic/Latin/Mexican,Invest Cont,33.9624,-118.2761,2019
2019-02-21,812,ORAL COPULATION,Southwest,400.0,"STRONG-ARM (HANDS, FIST, FEET OR BODILY FORCE)",7,F,Hispanic/Latin/Mexican,Invest Cont,34.0037,-118.3203,2019
2019-12-13,812,CRM AGNST CHLD (13 OR UNDER) (14-15 & SUSP 10 YRS OLDER),Rampart,400.0,"STRONG-ARM (HANDS, FIST, FEET OR BODILY FORCE)",5,F,Hispanic/Latin/Mexican,Invest Cont,34.0598,-118.2734,2019
2019-02-28,812,CRM AGNST CHLD (13 OR UNDER) (14-15 & SUSP 10 YRS OLDER),Van Nuys,400.0,"STRONG-ARM (HANDS, FIST, FEET OR BODILY FORCE)",7,F,Hispanic/Latin/Mexican,Invest Cont,34.1976,-118.4574,2019
2019-01-05,812,CRM AGNST CHLD (13 OR UNDER) (14-15 & SUSP 10 YRS OLDER),77th Street,400.0,"STRONG-ARM (HANDS, FIST, FEET OR BODILY FORCE)",6,F,Hispanic/Latin/Mexican,Adult Arrest,33.982,-118.287,2019
2019-02-23,812,SEXUAL PENETRATION W/FOREIGN OBJECT,Newton,400.0,"STRONG-ARM (HANDS, FIST, FEET OR BODILY FORCE)",9,F,Hispanic/Latin/Mexican,Invest Cont,33.9921,-118.2542,2019
2019-05-30,812,SODOMY/SEXUAL CONTACT B/W PENIS OF ONE PERS TO ANUS OTH,Hollenbeck,400.0,"STRONG-ARM (HANDS, FIST, FEET OR BODILY FORCE)",15,M,Hispanic/Latin/Mexican,Invest Cont,34.0453,-118.2197,2019
2019-02-26,812,SODOMY/SEXUAL CONTACT B/W PENIS OF ONE PERS TO ANUS OTH,N Hollywood,400.0,"STRONG-ARM (HANDS, FIST, FEET OR BODILY FORCE)",9,F,Hispanic/Latin/Mexican,Invest Cont,34.1973,-118.4116,2019
2019-06-17,812,CRM AGNST CHLD (13 OR UNDER) (14-15 & SUSP 10 YRS OLDER),Rampart,400.0,"STRONG-ARM (HANDS, FIST, FEET OR BODILY FORCE)",4,F,Hispanic/Latin/Mexican,Adult Other,34.0606,-118.2648,2019
2019-06-10,812,CRM AGNST CHLD (13 OR UNDER) (14-15 & SUSP 10 YRS OLDER),77th Street,400.0,"STRONG-ARM (HANDS, FIST, FEET OR BODILY FORCE)",8,F,Hispanic/Latin/Mexican,Invest Cont,33.9806,-118.3323,2019
2019-12-17,812,CRM AGNST CHLD (13 OR UNDER) (14-15 & SUSP 10 YRS OLDER),Northeast,400.0,"STRONG-ARM (HANDS, FIST, FEET OR BODILY FORCE)",12,F,Other,Invest Cont,34.1194,-118.1889,2019
2019-10-18,812,CRM AGNST CHLD (13 OR UNDER) (14-15 & SUSP 10 YRS OLDER),Harbor,400.0,"STRONG-ARM (HANDS, FIST, FEET OR BODILY FORCE)",8,M,Hispanic/Latin/Mexican,Invest Cont,33.7489,-118.2798,2019
2019-10-08,812,CRM AGNST CHLD (13 OR UNDER) (14-15 & SUSP 10 YRS OLDER),Topanga,400.0,"STRONG-ARM (HANDS, FIST, FEET OR BODILY FORCE)",4,F,Hispanic/Latin/Mexican,Invest Cont,34.2029,-118.5955,2019
2019-02-13,812,CRM AGNST CHLD (13 OR UNDER) (14-15 & SUSP 10 YRS OLDER),Southwest,400.0,"STRONG-ARM (HANDS, FIST, FEET OR BODILY FORCE)",9,F,Hispanic/Latin/Mexican,Juv Other,34.0148,-118.3222,2019
2019-01-13,812,ORAL COPULATION,Southwest,515.0,PHYSICAL PRESENCE,9,F,Hispanic/Latin/Mexican,Invest Cont,34.0287,-118.3212,2019
2019-02-26,812,CRM AGNST CHLD (13 OR UNDER) (14-15 & SUSP 10 YRS OLDER),Newton,400.0,"STRONG-ARM (HANDS, FIST, FEET OR BODILY FORCE)",11,F,Hispanic/Latin/Mexican,Invest Cont,34.0243,-118.2526,2019
2019-09-28,812,ORAL COPULATION,77th Street,400.0,"STRONG-ARM (HANDS, FIST, FEET OR BODILY FORCE)",4,F,Black,Juv Other,33.973,-118.2652,2019
2019-03-11,812,CRM AGNST CHLD (13 OR UNDER) (14-15 & SUSP 10 YRS OLDER),Hollenbeck,500.0,UNKNOWN WEAPON/OTHER WEAPON,11,F,Hispanic/Latin/Mexican,Adult Other,34.0235,-118.2152,2019
2019-03-27,812,CRM AGNST CHLD (13 OR UNDER) (14-15 & SUSP 10 YRS OLDER),Devonshire,400.0,"STRONG-ARM (HANDS, FIST, FEET OR BODILY FORCE)",9,F,White,Invest Cont,34.2503,-118.5003,2019
2019-07-04,812,CRM AGNST CHLD (13 OR UNDER) (14-15 & SUSP 10 YRS OLDER),West Valley,400.0,"STRONG-ARM (HANDS, FIST, FEET OR BODILY FORCE)",10,F,Hispanic/Latin/Mexican,Adult Other,34.2148,-118.5404,2019
2019-01-26,812,SEXUAL PENETRATION W/FOREIGN OBJECT,Van Nuys,400.0,"STRONG-ARM (HANDS, FIST, FEET OR BODILY FORCE)",3,F,White,Adult Other,34.1429,-118.4351,2019
2019-07-10,812,CRM AGNST CHLD (13 OR UNDER) (14-15 & SUSP 10 YRS OLDER),Hollenbeck,400.0,"STRONG-ARM (HANDS, FIST, FEET OR BODILY FORCE)",9,F,Hispanic/Latin/Mexican,Adult Other,34.0381,-118.2262,2019
2019-07-02,812,CRM AGNST CHLD (13 OR UNDER) (14-15 & SUSP 10 YRS OLDER),Mission,400.0,"STRONG-ARM (HANDS, FIST, FEET OR BODILY FORCE)",7,F,Hispanic/Latin/Mexican,Adult Other,34.2735,-118.4409,2019
2019-01-26,812,SEXUAL PENETRATION W/FOREIGN OBJECT,Van Nuys,400.0,"STRONG-ARM (HANDS, FIST, FEET OR BODILY FORCE)",6,F,White,Adult Other,34.1429,-118.4351,2019
2019-02-26,812,CRM AGNST CHLD (13 OR UNDER) (14-15 & SUSP 10 YRS OLDER),Newton,400.0,"STRONG-ARM (HANDS, FIST, FEET OR BODILY FORCE)",11,F,Hispanic/Latin/Mexican,Invest Cont,34.0243,-118.2526,2019
2019-01-21,812,CRM AGNST CHLD (13 OR UNDER) (14-15 & SUSP 10 YRS OLDER),Hollywood,400.0,"STRONG-ARM (HANDS, FIST, FEET OR BODILY FORCE)",7,F,White,Invest Cont,34.0926,-118.3289,2019
2019-05-28,812,CRM AGNST CHLD (13 OR UNDER) (14-15 & SUSP 10 YRS OLDER),Mission,400.0,"STRONG-ARM (HANDS, FIST, FEET OR BODILY FORCE)",9,F,Hispanic/Latin/Mexican,Adult Other,34.2364,-118.4339,2019
2019-05-15,812,CRM AGNST CHLD (13 OR UNDER) (14-15 & SUSP 10 YRS OLDER),Olympic,400.0,"STRONG-ARM (HANDS, FIST, FEET OR BODILY FORCE)",8,F,Hispanic/Latin/Mexican,Invest Cont,34.0704,-118.2898,2019
2019-05-06,812,SEXUAL PENETRATION W/FOREIGN OBJECT,Rampart,400.0,"STRONG-ARM (HANDS, FIST, FEET OR BODILY FORCE)",7,F,Hispanic/Latin/Mexican,Invest Cont,34.059,-118.2824,2019
2019-05-03,812,CRM AGNST CHLD (13 OR UNDER) (14-15 & SUSP 10 YRS OLDER),West Valley,400.0,"STRONG-ARM (HANDS, FIST, FEET OR BODILY FORCE)",11,F,Hispanic/Latin/Mexican,Adult Other,34.2157,-118.4837,2019
2019-02-19,812,SODOMY/SEXUAL CONTACT B/W PENIS OF ONE PERS TO ANUS OTH,Southwest,400.0,"STRONG-ARM (HANDS, FIST, FEET OR BODILY FORCE)",8,M,Hispanic/Latin/Mexican,Invest Cont,34.0274,-118.31200000000001,2019
2019-05-06,812,CRM AGNST CHLD (13 OR UNDER) (14-15 & SUSP 10 YRS OLDER),Southeast,400.0,"STRONG-ARM (HANDS, FIST, FEET OR BODILY FORCE)",10,F,Hispanic/Latin/Mexican,Adult Other,33.9583,-118.2651,2019
2019-01-09,812,CRM AGNST CHLD (13 OR UNDER) (14-15 & SUSP 10 YRS OLDER),Hollywood,400.0,"STRONG-ARM (HANDS, FIST, FEET OR BODILY FORCE)",2,F,Hispanic/Latin/Mexican,Invest Cont,34.0871,-118.3416,2019
2019-03-30,812,CRM AGNST CHLD (13 OR UNDER) (14-15 & SUSP 10 YRS OLDER),Olympic,400.0,"STRONG-ARM (HANDS, FIST, FEET OR BODILY FORCE)",6,F,Hispanic/Latin/Mexican,Invest Cont,34.0608,-118.2903,2019
2019-11-29,812,SEXUAL PENETRATION W/FOREIGN OBJECT,Southeast,400.0,"STRONG-ARM (HANDS, FIST, FEET OR BODILY FORCE)",16,F,Hispanic/Latin/Mexican,Invest Cont,33.9406,-118.2472,2019
2019-11-26,812,CRM AGNST CHLD (13 OR UNDER) (14-15 & SUSP 10 YRS OLDER),Van Nuys,400.0,"STRONG-ARM (HANDS, FIST, FEET OR BODILY FORCE)",9,F,Hispanic/Latin/Mexican,Invest Cont,34.1976,-118.4574,2019
2019-01-26,812,SEXUAL PENETRATION W/FOREIGN OBJECT,Van Nuys,400.0,"STRONG-ARM (HANDS, FIST, FEET OR BODILY FORCE)",0,F,White,Adult Other,34.1429,-118.4351,2019
2019-07-26,812,SEXUAL PENETRATION W/FOREIGN OBJECT,77th Street,400.0,"STRONG-ARM (HANDS, FIST, FEET OR BODILY FORCE)",7,F,Black,Invest Cont,33.9664,-118.3025,2019
2019-05-21,812,CRM AGNST CHLD (13 OR UNDER) (14-15 & SUSP 10 YRS OLDER),Newton,400.0,"STRONG-ARM (HANDS, FIST, FEET OR BODILY FORCE)",4,F,Hispanic/Latin/Mexican,Adult Other,34.0058,-118.2521,2019
2019-11-26,812,SEXUAL PENETRATION W/FOREIGN OBJECT,Topanga,400.0,"STRONG-ARM (HANDS, FIST, FEET OR BODILY FORCE)",10,F,Other Asian,Invest Cont,34.2213,-118.5907,2019
2019-10-21,812,CRM AGNST CHLD (13 OR UNDER) (14-15 & SUSP 10 YRS OLDER),Southwest,400.0,"STRONG-ARM (HANDS, FIST, FEET OR BODILY FORCE)",8,F,Hispanic/Latin/Mexican,Invest Cont,34.0185,-118.3128,2019
2019-10-01,812,CRM AGNST CHLD (13 OR UNDER) (14-15 & SUSP 10 YRS OLDER),Southeast,400.0,"STRONG-ARM (HANDS, FIST, FEET OR BODILY FORCE)",10,F,Hispanic/Latin/Mexican,Invest Cont,33.951,-118.2849,2019
2019-03-18,812,CRM AGNST CHLD (13 OR UNDER) (14-15 & SUSP 10 YRS OLDER),Southwest,400.0,"STRONG-ARM (HANDS, FIST, FEET OR BODILY FORCE)",6,F,Hispanic/Latin/Mexican,Invest Cont,34.0182,-118.3078,2019
2019-04-03,860,BATTERY WITH SEXUAL CONTACT,Harbor,400.0,"STRONG-ARM (HANDS, FIST, FEET OR BODILY FORCE)",-9,X,Unknown,Invest Cont,33.7476,-118.2948,2019
2019-05-28,860,BATTERY WITH SEXUAL CONTACT,Olympic,400.0,"STRONG-ARM (HANDS, FIST, FEET OR BODILY FORCE)",4,F,Hispanic/Latin/Mexican,Invest Cont,34.0608,-118.2903,2019
2019-07-01,860,BATTERY WITH SEXUAL CONTACT,Southeast,400.0,"STRONG-ARM (HANDS, FIST, FEET OR BODILY FORCE)",13,F,Hispanic/Latin/Mexican,Invest Cont,33.9388,-118.2499,2019
2019-08-20,860,BATTERY WITH SEXUAL CONTACT,Mission,400.0,"STRONG-ARM (HANDS, FIST, FEET OR BODILY FORCE)",8,F,Hispanic/Latin/Mexican,Invest Cont,34.2573,-118.463,2019
2019-01-09,860,BATTERY WITH SEXUAL CONTACT,Southwest,400.0,"STRONG-ARM (HANDS, FIST, FEET OR BODILY FORCE)",6,F,Hispanic/Latin/Mexican,Adult Arrest,34.0326,-118.335,2019
2019-09-10,860,BATTERY WITH SEXUAL CONTACT,Olympic,400.0,"STRONG-ARM (HANDS, FIST, FEET OR BODILY FORCE)",17,F,White,Invest Cont,34.0735,-118.2868,2019
2019-11-20,860,BATTERY WITH SEXUAL CONTACT,Olympic,400.0,"STRONG-ARM (HANDS, FIST, FEET OR BODILY FORCE)",17,F,White,Invest Cont,34.0581,-118.3122,2019
2019-08-28,860,BATTERY WITH SEXUAL CONTACT,Harbor,400.0,"STRONG-ARM (HANDS, FIST, FEET OR BODILY FORCE)",31,F,Hispanic/Latin/Mexican,Adult Other,33.7749,-118.2764,2019
2019-11-26,860,BATTERY WITH SEXUAL CONTACT,Foothill,400.0,"STRONG-ARM (HANDS, FIST, FEET OR BODILY FORCE)",6,F,Hispanic/Latin/Mexican,Adult Other,34.2719,-118.4178,2019
2019-05-01,860,BATTERY WITH SEXUAL CONTACT,Foothill,400.0,"STRONG-ARM (HANDS, FIST, FEET OR BODILY FORCE)",15,F,Hispanic/Latin/Mexican,Adult Other,34.2771,-118.4156,2019
2019-12-17,860,BATTERY WITH SEXUAL CONTACT,Foothill,400.0,"STRONG-ARM (HANDS, FIST, FEET OR BODILY FORCE)",4,F,Hispanic/Latin/Mexican,Invest Cont,34.2683,-118.4118,2019
2019-07-09,860,BATTERY WITH SEXUAL CONTACT,West Valley,400.0,"STRONG-ARM (HANDS, FIST, FEET OR BODILY FORCE)",6,M,Hispanic/Latin/Mexican,Juv Other,34.19,-118.5262,2019
2019-08-26,860,BATTERY WITH SEXUAL CONTACT,West LA,400.0,"STRONG-ARM (HANDS, FIST, FEET OR BODILY FORCE)",-7,F,Unknown,Invest Cont,34.0562,-118.4423,2019
2019-05-15,860,BATTERY WITH SEXUAL CONTACT,77th Street,400.0,"STRONG-ARM (HANDS, FIST, FEET OR BODILY FORCE)",25,F,Hispanic/Latin/Mexican,Invest Cont,33.9628,-118.2717,2019
2019-09-20,860,BATTERY WITH SEXUAL CONTACT,Mission,400.0,"STRONG-ARM (HANDS, FIST, FEET OR BODILY FORCE)",7,F,Hispanic/Latin/Mexican,Adult Arrest,34.2319,-118.4633,2019
2019-02-14,860,BATTERY WITH SEXUAL CONTACT,West Valley,400.0,"STRONG-ARM (HANDS, FIST, FEET OR BODILY FORCE)",15,F,Hispanic/Latin/Mexican,Adult Arrest,34.2102,-118.5317,2019
2019-03-05,860,BATTERY WITH SEXUAL CONTACT,Mission,400.0,"STRONG-ARM (HANDS, FIST, FEET OR BODILY FORCE)",4,F,Hispanic/Latin/Mexican,Adult Other,34.323,-118.4694,2019
2019-10-23,860,BATTERY WITH SEXUAL CONTACT,Topanga,400.0,"STRONG-ARM (HANDS, FIST, FEET OR BODILY FORCE)",10,F,Hispanic/Latin/Mexican,Adult Arrest,34.211999999999996,-118.5754,2019
2019-09-06,860,BATTERY WITH SEXUAL CONTACT,Harbor,400.0,"STRONG-ARM (HANDS, FIST, FEET OR BODILY FORCE)",37,F,Hispanic/Latin/Mexican,Adult Other,33.7749,-118.2764,2019
2019-10-08,860,BATTERY WITH SEXUAL CONTACT,Hollenbeck,400.0,"STRONG-ARM (HANDS, FIST, FEET OR BODILY FORCE)",9,F,Hispanic/Latin/Mexican,Invest Cont,34.0887,-118.1785,2019
2019-02-14,860,BATTERY WITH SEXUAL CONTACT,West Valley,400.0,"STRONG-ARM (HANDS, FIST, FEET OR BODILY FORCE)",12,F,Hispanic/Latin/Mexican,Adult Arrest,34.2102,-118.5317,2019
2019-05-24,860,BATTERY WITH SEXUAL CONTACT,Foothill,400.0,"STRONG-ARM (HANDS, FIST, FEET OR BODILY FORCE)",10,F,Hispanic/Latin/Mexican,Invest Cont,34.2542,-118.4095,2019
2019-02-24,860,BATTERY WITH SEXUAL CONTACT,Hollywood,400.0,"STRONG-ARM (HANDS, FIST, FEET OR BODILY FORCE)",24,F,Hispanic/Latin/Mexican,Invest Cont,34.0907,-118.3363,2019
2019-12-11,860,BATTERY WITH SEXUAL CONTACT,77th Street,400.0,"STRONG-ARM (HANDS, FIST, FEET OR BODILY FORCE)",6,F,Hispanic/Latin/Mexican,Invest Cont,33.9679,-118.2695,2019
2019-10-02,860,BATTERY WITH SEXUAL CONTACT,West LA,515.0,PHYSICAL PRESENCE,-5,F,White,Invest Cont,34.0562,-118.4423,2019
2019-03-22,860,BATTERY WITH SEXUAL CONTACT,Pacific,400.0,"STRONG-ARM (HANDS, FIST, FEET OR BODILY FORCE)",46,F,White,Adult Other,34.0301,-118.4272,2019
2019-02-27,860,BATTERY WITH SEXUAL CONTACT,Northeast,400.0,"STRONG-ARM (HANDS, FIST, FEET OR BODILY FORCE)",10,F,Other Asian,Invest Cont,34.1098,-118.2629,2019
2019-10-22,860,BATTERY WITH SEXUAL CONTACT,Olympic,400.0,"STRONG-ARM (HANDS, FIST, FEET OR BODILY FORCE)",10,F,Hispanic/Latin/Mexican,Invest Cont,34.0763,-118.3091,2019
2019-03-02,Assault on Firefighter or Peace Officer With Deadly Weapon,BURGLARY,Southwest,,,50,F,Black,Invest Cont,34.0,-118.3282,2019
2019-06-10,Assault on Firefighter or Peace Officer With Deadly Weapon,BURGLARY,Foothill,500.0,UNKNOWN WEAPON/OTHER WEAPON,21,F,Hispanic/Latin/Mexican,Invest Cont,34.2326,-118.3692,2019
2019-08-12,Assault on Firefighter or Peace Officer With Deadly Weapon,BURGLARY,West LA,,,21,M,White,Invest Cont,34.0424,-118.4592,2019
2019-12-11,Assault on Firefighter or Peace Officer With Deadly Weapon,BURGLARY,Newton,,,41,M,Hispanic/Latin/Mexican,Invest Cont,34.025999999999996,-118.24600000000001,2019
2019-12-29,Assault on Firefighter or Peace Officer With Deadly Weapon,BURGLARY,West LA,,,0,X,Unknown,Invest Cont,34.0514,-118.445,2019
2019-07-11,Assault on Firefighter or Peace Officer With Deadly Weapon,BURGLARY,Hollenbeck,,,-7,M,White,Invest Cont,34.0188,-118.2216,2019
2019-09-17,Assault on Firefighter or Peace Officer With Deadly Weapon,BURGLARY,Pacific,500.0,UNKNOWN WEAPON/OTHER WEAPON,65,M,White,Invest Cont,33.992,-118.4448,2019
2019-08-24,Assault on Firefighter or Peace Officer With Deadly Weapon,BURGLARY,Southeast,,,35,F,Hispanic/Latin/Mexican,Invest Cont,33.9602,-118.2586,2019
2019-07-15,Assault on Firefighter or Peace Officer With Deadly Weapon,BURGLARY,West LA,,,54,M,White,Invest Cont,34.0414,-118.454,2019
2019-12-10,Assault on Firefighter or Peace Officer With Deadly Weapon,BURGLARY,West LA,,,-6,X,Unknown,Invest Cont,34.0379,-118.4453,2019
2019-05-22,Assault on Firefighter or Peace Officer With Deadly Weapon,BURGLARY,Southeast,,,33,F,Hispanic/Latin/Mexican,Invest Cont,33.904,-118.2899,2019
2019-01-25,Assault on Firefighter or Peace Officer With Deadly Weapon,BURGLARY,West LA,,,32,F,White,Adult Other,34.0954,-118.4407,2019
2019-04-15,Assault on Firefighter or Peace Officer With Deadly Weapon,BURGLARY,Harbor,,,0,X,Unknown,Invest Cont,33.7968,-118.2828,2019
