PlayerID,ShortName,Team,Position,Position Title,Height_in,Weight_lbs,PhotoUrl,target
16397,D.Kennard,ARI,OLB,Outside Linebacker,75,256,https://s3-us-west-2.amazonaws.com/static.fantasydata.com/headshots/nfl/low-res/16397.png,0
18909,H.Reddick,ARI,OLB,Outside Linebacker,73,235,https://s3-us-west-2.amazonaws.com/static.fantasydata.com/headshots/nfl/low-res/18909.png,0
16819,M.Golden,ARI,OLB,Outside Linebacker,75,260,https://s3-us-west-2.amazonaws.com/static.fantasydata.com/headshots/nfl/low-res/16819.png,0
19965,K.Fitts,ARI,OLB,Outside Linebacker,76,260,https://s3-us-west-2.amazonaws.com/static.fantasydata.com/headshots/nfl/low-res/19965.png,0
13749,C.Jones,ARI,OLB,Outside Linebacker,77,265,https://s3-us-west-2.amazonaws.com/static.fantasydata.com/headshots/nfl/low-res/13749.png,0
22383,R.Walker,ARI,OLB,Outside Linebacker,74,250,https://s3-us-west-2.amazonaws.com/static.fantasydata.com/headshots/nfl/low-res/22383.png,0
19433,I.Irving,ARI,OLB,Outside Linebacker,75,254,https://s3-us-west-2.amazonaws.com/static.fantasydata.com/headshots/nfl/low-res/19433.png,0
18037,D.Campbell,ARI,OLB,Outside Linebacker,76,232,https://s3-us-west-2.amazonaws.com/static.fantasydata.com/headshots/nfl/low-res/18037.png,0
16991,E.Robinson,ATL,OLB,Outside Linebacker,75,245,https://s3-us-west-2.amazonaws.com/static.fantasydata.com/headshots/nfl/low-res/16991.png,0
16764,D.Fowler Jr.,ATL,OLB,Outside Linebacker,75,255,https://s3-us-west-2.amazonaws.com/static.fantasydata.com/headshots/nfl/low-res/16764.png,0
15450,L.Reynolds,ATL,OLB,Outside Linebacker,73,228,https://s3-us-west-2.amazonaws.com/static.fantasydata.com/headshots/nfl/low-res/15450.png,0
20755,J.Ferguson,BAL,OLB,Outside Linebacker,77,275,https://s3-us-west-2.amazonaws.com/static.fantasydata.com/headshots/nfl/low-res/20755.png,0
21482,O.Alaka,BAL,OLB,Outside Linebacker,75,239,https://s3-us-west-2.amazonaws.com/static.fantasydata.com/headshots/nfl/low-res/21482.png,0
17978,J.Ward,BAL,OLB,Outside Linebacker,77,287,https://s3-us-west-2.amazonaws.com/static.fantasydata.com/headshots/nfl/low-res/17978.png,0
18930,T.Bowser,BAL,OLB,Outside Linebacker,75,242,https://s3-us-west-2.amazonaws.com/static.fantasydata.com/headshots/nfl/low-res/18930.png,0
13892,L.Fort,BAL,OLB,Outside Linebacker,72,232,https://s3-us-west-2.amazonaws.com/static.fantasydata.com/headshots/nfl/low-res/13892.png,0
12822,P.McPhee,BAL,OLB,Outside Linebacker,75,265,https://s3-us-west-2.amazonaws.com/static.fantasydata.com/headshots/nfl/low-res/12822.png,0
21908,C.Rivers,BAL,OLB,Outside Linebacker,74,262,https://s3-us-west-2.amazonaws.com/static.fantasydata.com/headshots/nfl/low-res/0.png,0
18064,M.Judon,BAL,OLB,Outside Linebacker,75,261,https://s3-us-west-2.amazonaws.com/static.fantasydata.com/headshots/nfl/low-res/18064.png,0
21218,T.Dodson,BUF,OLB,Outside Linebacker,72,237,https://s3-us-west-2.amazonaws.com/static.fantasydata.com/headshots/nfl/low-res/21218.png,0
15186,A.Klein,BUF,OLB,Outside Linebacker,73,240,https://s3-us-west-2.amazonaws.com/static.fantasydata.com/headshots/nfl/low-res/15186.png,0
19037,M.Milano,BUF,OLB,Outside Linebacker,72,223,https://s3-us-west-2.amazonaws.com/static.fantasydata.com/headshots/nfl/low-res/19037.png,0
13181,M.Addison,BUF,OLB,Outside Linebacker,75,260,https://s3-us-west-2.amazonaws.com/static.fantasydata.com/headshots/nfl/low-res/13181.png,0
14225,T.Whitehead,CAR,OLB,Outside Linebacker,73,233,https://s3-us-west-2.amazonaws.com/static.fantasydata.com/headshots/nfl/low-res/14225.png,0
21052,B.Burns,CAR,OLB,Outside Linebacker,77,250,https://s3-us-west-2.amazonaws.com/static.fantasydata.com/headshots/nfl/low-res/21052.png,0
20877,C.Miller,CAR,OLB,Outside Linebacker,75,245,https://s3-us-west-2.amazonaws.com/static.fantasydata.com/headshots/nfl/low-res/20877.png,0
16558,A.Taylor,CAR,OLB,Outside Linebacker,73,215,https://s3-us-west-2.amazonaws.com/static.fantasydata.com/headshots/nfl/low-res/16558.png,0
18100,D.Bond,CHI,OLB,Outside Linebacker,73,236,https://s3-us-west-2.amazonaws.com/static.fantasydata.com/headshots/nfl/low-res/18100.png,0
14949,B.Mingo,CHI,OLB,Outside Linebacker,77,235,https://s3-us-west-2.amazonaws.com/static.fantasydata.com/headshots/nfl/low-res/14949.png,0
16323,K.Mack,CHI,OLB,Outside Linebacker,75,269,https://s3-us-west-2.amazonaws.com/static.fantasydata.com/headshots/nfl/low-res/16323.png,0
17246,J.Vaughters,CHI,OLB,Outside Linebacker,73,256,https://s3-us-west-2.amazonaws.com/static.fantasydata.com/headshots/nfl/low-res/17246.png,0
13393,R.Quinn,CHI,OLB,Outside Linebacker,76,257,https://s3-us-west-2.amazonaws.com/static.fantasydata.com/headshots/nfl/low-res/13393.png,0
21890,T.Gipson,CHI,OLB,Outside Linebacker,75,261,https://s3-us-west-2.amazonaws.com/static.fantasydata.com/headshots/nfl/low-res/21890.png,0
19074,J.Evans,CIN,OLB,Outside Linebacker,75,242,https://s3-us-west-2.amazonaws.com/static.fantasydata.com/headshots/nfl/low-res/19074.png,0
20994,M.Wilson,CLE,OLB,Outside Linebacker,73,233,https://s3-us-west-2.amazonaws.com/static.fantasydata.com/headshots/nfl/low-res/20994.png,0
19101,E.Lee,CLE,OLB,Outside Linebacker,74,230,https://s3-us-west-2.amazonaws.com/static.fantasydata.com/headshots/nfl/low-res/19101.png,0
13480,M.Smith,CLE,OLB,Outside Linebacker,72,229,https://s3-us-west-2.amazonaws.com/static.fantasydata.com/headshots/nfl/low-res/13480.png,0
20029,T.Young,CLE,OLB,Outside Linebacker,76,258,https://s3-us-west-2.amazonaws.com/static.fantasydata.com/headshots/nfl/low-res/20029.png,0
16492,J.Thomas,DAL,OLB,Outside Linebacker,73,233,https://s3-us-west-2.amazonaws.com/static.fantasydata.com/headshots/nfl/low-res/16492.png,0
11276,S.Lee,DAL,OLB,Outside Linebacker,74,245,https://s3-us-west-2.amazonaws.com/static.fantasydata.com/headshots/nfl/low-res/11276.png,0
19838,L.Vander Esch,DAL,OLB,Outside Linebacker,76,256,https://s3-us-west-2.amazonaws.com/static.fantasydata.com/headshots/nfl/low-res/19838.png,0
20907,N.Patrick,DEN,OLB,Outside Linebacker,75,242,https://s3-us-west-2.amazonaws.com/static.fantasydata.com/headshots/nfl/low-res/20907.png,0
19293,A.Calitro,DEN,OLB,Outside Linebacker,72,240,https://s3-us-west-2.amazonaws.com/static.fantasydata.com/headshots/nfl/low-res/19293.png,0
19832,B.Chubb,DEN,OLB,Outside Linebacker,76,275,https://s3-us-west-2.amazonaws.com/static.fantasydata.com/headshots/nfl/low-res/19832.png,0
13022,V.Miller,DEN,OLB,Outside Linebacker,75,250,https://s3-us-west-2.amazonaws.com/static.fantasydata.com/headshots/nfl/low-res/13022.png,0
21366,M.Reed,DEN,OLB,Outside Linebacker,74,235,https://s3-us-west-2.amazonaws.com/static.fantasydata.com/headshots/nfl/low-res/21366.png,0
16972,A.Chickillo,DEN,OLB,Outside Linebacker,75,255,https://s3-us-west-2.amazonaws.com/static.fantasydata.com/headshots/nfl/low-res/16972.png,0
16334,J.Attaochu,DEN,OLB,Outside Linebacker,75,252,https://s3-us-west-2.amazonaws.com/static.fantasydata.com/headshots/nfl/low-res/16334.png,0
20297,D.Bellamy,DET,OLB,Outside Linebacker,77,259,https://s3-us-west-2.amazonaws.com/static.fantasydata.com/headshots/nfl/low-res/20297.png,0
19009,J.Reeves-Maybin,DET,OLB,Outside Linebacker,72,233,https://s3-us-west-2.amazonaws.com/static.fantasydata.com/headshots/nfl/low-res/19009.png,0
16434,C.Jones,DET,OLB,Outside Linebacker,75,250,https://s3-us-west-2.amazonaws.com/static.fantasydata.com/headshots/nfl/low-res/16434.png,0
21543,A.Pittman,DET,OLB,Outside Linebacker,75,240,https://s3-us-west-2.amazonaws.com/static.fantasydata.com/headshots/nfl/low-res/21543.png,0
16647,K.Martin,DET,OLB,Outside Linebacker,78,272,https://s3-us-west-2.amazonaws.com/static.fantasydata.com/headshots/nfl/low-res/16647.png,0
20767,R.Gary,GB,OLB,Outside Linebacker,77,277,https://s3-us-west-2.amazonaws.com/static.fantasydata.com/headshots/nfl/low-res/20767.png,0
16883,Z.Smith,GB,OLB,Outside Linebacker,76,272,https://s3-us-west-2.amazonaws.com/static.fantasydata.com/headshots/nfl/low-res/16883.png,0
21417,R.Ramsey,GB,OLB,Outside Linebacker,75,238,https://s3-us-west-2.amazonaws.com/static.fantasydata.com/headshots/nfl/low-res/21417.png,0
16133,C.Kirksey,GB,OLB,Outside Linebacker,74,233,https://s3-us-west-2.amazonaws.com/static.fantasydata.com/headshots/nfl/low-res/16133.png,0
16799,P.Smith,GB,OLB,Outside Linebacker,77,265,https://s3-us-west-2.amazonaws.com/static.fantasydata.com/headshots/nfl/low-res/16799.png,0
18956,Z.Cunningham,HOU,OLB,Outside Linebacker,75,238,https://s3-us-west-2.amazonaws.com/static.fantasydata.com/headshots/nfl/low-res/18956.png,0
20094,E.Ellerbee,HOU,OLB,Outside Linebacker,73,235,https://s3-us-west-2.amazonaws.com/static.fantasydata.com/headshots/nfl/low-res/20094.png,0
17081,T.Adams,HOU,OLB,Outside Linebacker,74,230,https://s3-us-west-2.amazonaws.com/static.fantasydata.com/headshots/nfl/low-res/17081.png,0
19496,D.Cole,HOU,OLB,Outside Linebacker,72,237,https://s3-us-west-2.amazonaws.com/static.fantasydata.com/headshots/nfl/low-res/19496.png,0
19978,D.Ejiofor,HOU,OLB,Outside Linebacker,76,255,https://s3-us-west-2.amazonaws.com/static.fantasydata.com/headshots/nfl/low-res/19978.png,0
19999,J.Martin,HOU,OLB,Outside Linebacker,74,242,https://s3-us-west-2.amazonaws.com/static.fantasydata.com/headshots/nfl/low-res/19999.png,0
16913,K.Emanuel,HOU,OLB,Outside Linebacker,75,251,https://s3-us-west-2.amazonaws.com/static.fantasydata.com/headshots/nfl/low-res/16913.png,0
18545,B.Scarlett,HOU,OLB,Outside Linebacker,76,263,https://s3-us-west-2.amazonaws.com/static.fantasydata.com/headshots/nfl/low-res/18545.png,0
13977,W.Mercilus,HOU,OLB,Outside Linebacker,76,258,https://s3-us-west-2.amazonaws.com/static.fantasydata.com/headshots/nfl/low-res/13977.png,0
20024,Z.Franklin,IND,OLB,Outside Linebacker,72,235,https://s3-us-west-2.amazonaws.com/static.fantasydata.com/headshots/nfl/low-res/20024.png,0
21117,E.Speed,IND,OLB,Outside Linebacker,76,230,https://s3-us-west-2.amazonaws.com/static.fantasydata.com/headshots/nfl/low-res/21117.png,0
20023,M.Adams,IND,OLB,Outside Linebacker,72,229,https://s3-us-west-2.amazonaws.com/static.fantasydata.com/headshots/nfl/low-res/20023.png,0
19852,D.Leonard,IND,OLB,Outside Linebacker,74,230,https://s3-us-west-2.amazonaws.com/static.fantasydata.com/headshots/nfl/low-res/19852.png,0
20428,S.Moore,IND,OLB,Outside Linebacker,74,225,https://s3-us-west-2.amazonaws.com/static.fantasydata.com/headshots/nfl/low-res/20428.png,0
17925,M.Jack,JAX,OLB,Outside Linebacker,73,244,https://s3-us-west-2.amazonaws.com/static.fantasydata.com/headshots/nfl/low-res/17925.png,0
20026,L.Jacobs,JAX,OLB,Outside Linebacker,74,246,https://s3-us-west-2.amazonaws.com/static.fantasydata.com/headshots/nfl/low-res/20026.png,0
20736,D.Allen,JAX,OLB,Outside Linebacker,73,232,https://s3-us-west-2.amazonaws.com/static.fantasydata.com/headshots/nfl/low-res/20736.png,0
21109,Q.Williams,JAX,OLB,Outside Linebacker,61,225,https://s3-us-west-2.amazonaws.com/static.fantasydata.com/headshots/nfl/low-res/21109.png,0
16670,A.Lynch,JAX,OLB,Outside Linebacker,77,285,https://s3-us-west-2.amazonaws.com/static.fantasydata.com/headshots/nfl/low-res/16670.png,0
19310,N.Morrow,LV,OLB,Outside Linebacker,72,225,https://s3-us-west-2.amazonaws.com/static.fantasydata.com/headshots/nfl/low-res/19310.png,0
16769,V.Beasley Jr.,LV,OLB,Outside Linebacker,75,246,https://s3-us-west-2.amazonaws.com/static.fantasydata.com/headshots/nfl/low-res/16769.png,0
19051,U.Eligwe,LV,OLB,Outside Linebacker,74,239,https://s3-us-west-2.amazonaws.com/static.fantasydata.com/headshots/nfl/low-res/19051.png,0
14167,K.Wilber,LV,OLB,Outside Linebacker,76,240,https://s3-us-west-2.amazonaws.com/static.fantasydata.com/headshots/nfl/low-res/14167.png,0
19567,J.Onwualu,LV,OLB,Outside Linebacker,73,235,https://s3-us-west-2.amazonaws.com/static.fantasydata.com/headshots/nfl/low-res/19567.png,0
19859,U.Nwosu,LAC,OLB,Outside Linebacker,74,251,https://s3-us-west-2.amazonaws.com/static.fantasydata.com/headshots/nfl/low-res/19859.png,0
19872,M.Jefferson,LAC,OLB,Outside Linebacker,74,240,https://s3-us-west-2.amazonaws.com/static.fantasydata.com/headshots/nfl/low-res/19872.png,0
20750,E.Egbule,LAC,OLB,Outside Linebacker,74,245,https://s3-us-west-2.amazonaws.com/static.fantasydata.com/headshots/nfl/low-res/20750.png,0
18015,N.Vigil,LAC,OLB,Outside Linebacker,74,235,https://s3-us-west-2.amazonaws.com/static.fantasydata.com/headshots/nfl/low-res/18015.png,0
19987,O.Okoronkwo,LAR,OLB,Outside Linebacker,74,253,https://s3-us-west-2.amazonaws.com/static.fantasydata.com/headshots/nfl/low-res/19987.png,0
19016,S.Ebukam,LAR,OLB,Outside Linebacker,75,245,https://s3-us-west-2.amazonaws.com/static.fantasydata.com/headshots/nfl/low-res/19016.png,0
21903,T.Lewis,LAR,OLB,Outside Linebacker,77,258,https://s3-us-west-2.amazonaws.com/static.fantasydata.com/headshots/nfl/low-res/0.png,0
17935,L.Floyd,LAR,OLB,Outside Linebacker,77,240,https://s3-us-west-2.amazonaws.com/static.fantasydata.com/headshots/nfl/low-res/17935.png,0
20808,J.Hollins,LAR,OLB,Outside Linebacker,77,248,https://s3-us-west-2.amazonaws.com/static.fantasydata.com/headshots/nfl/low-res/20808.png,0
20971,A.Van Ginkel,MIA,OLB,Outside Linebacker,76,242,https://s3-us-west-2.amazonaws.com/static.fantasydata.com/headshots/nfl/low-res/20971.png,0
20724,S.Eguavoen,MIA,OLB,Outside Linebacker,72,236,https://s3-us-west-2.amazonaws.com/static.fantasydata.com/headshots/nfl/low-res/20724.png,0
18124,K.Grugier-Hill,MIA,OLB,Outside Linebacker,74,230,https://s3-us-west-2.amazonaws.com/static.fantasydata.com/headshots/nfl/low-res/18124.png,0
19273,E.Wilson,MIN,OLB,Outside Linebacker,73,230,https://s3-us-west-2.amazonaws.com/static.fantasydata.com/headshots/nfl/low-res/19273.png,0
16496,A.Barr,MIN,OLB,Outside Linebacker,77,255,https://s3-us-west-2.amazonaws.com/static.fantasydata.com/headshots/nfl/low-res/16496.png,0
21040,J.Brailford,MIN,OLB,Outside Linebacker,75,252,https://s3-us-west-2.amazonaws.com/static.fantasydata.com/headshots/nfl/low-res/0.png,0
15423,B.Copeland,NE,OLB,Outside Linebacker,75,263,https://s3-us-west-2.amazonaws.com/static.fantasydata.com/headshots/nfl/low-res/15423.png,0
14711,C.Robertson,NO,OLB,Outside Linebacker,73,234,https://s3-us-west-2.amazonaws.com/static.fantasydata.com/headshots/nfl/low-res/14711.png,0
21134,K.Elliss,NO,OLB,Outside Linebacker,75,240,https://s3-us-west-2.amazonaws.com/static.fantasydata.com/headshots/nfl/low-res/21134.png,0
13810,D.Davis,NO,OLB,Outside Linebacker,74,248,https://s3-us-west-2.amazonaws.com/static.fantasydata.com/headshots/nfl/low-res/13810.png,0
16885,K.Alexander,NO,OLB,Outside Linebacker,73,227,https://s3-us-west-2.amazonaws.com/static.fantasydata.com/headshots/nfl/low-res/16885.png,0
22198,M.Willoughby,NO,OLB,Outside Linebacker,75,252,https://s3-us-west-2.amazonaws.com/static.fantasydata.com/headshots/nfl/low-res/0.png,0
18016,K.Fackrell,NYG,OLB,Outside Linebacker,77,245,https://s3-us-west-2.amazonaws.com/static.fantasydata.com/headshots/nfl/low-res/18016.png,0
20036,D.Downs,NYG,OLB,Outside Linebacker,74,252,https://s3-us-west-2.amazonaws.com/static.fantasydata.com/headshots/nfl/low-res/20036.png,0
21000,O.Ximines,NYG,OLB,Outside Linebacker,76,252,https://s3-us-west-2.amazonaws.com/static.fantasydata.com/headshots/nfl/low-res/21000.png,0
16929,D.Mayo,NYG,OLB,Outside Linebacker,74,240,https://s3-us-west-2.amazonaws.com/static.fantasydata.com/headshots/nfl/low-res/16929.png,0
19886,L.Carter,NYG,OLB,Outside Linebacker,77,250,https://s3-us-west-2.amazonaws.com/static.fantasydata.com/headshots/nfl/low-res/19886.png,0
20516,T.Harris,NYG,OLB,Outside Linebacker,74,255,https://s3-us-west-2.amazonaws.com/static.fantasydata.com/headshots/nfl/low-res/20516.png,0
22197,J.Daka,NYJ,OLB,Outside Linebacker,74,240,https://s3-us-west-2.amazonaws.com/static.fantasydata.com/headshots/nfl/low-res/0.png,0
19286,H.Langi,NYJ,OLB,Outside Linebacker,74,250,https://s3-us-west-2.amazonaws.com/static.fantasydata.com/headshots/nfl/low-res/19286.png,0
18012,J.Jenkins,NYJ,OLB,Outside Linebacker,75,259,https://s3-us-west-2.amazonaws.com/static.fantasydata.com/headshots/nfl/low-res/18012.png,0
20411,F.Luvu,NYJ,OLB,Outside Linebacker,75,236,https://s3-us-west-2.amazonaws.com/static.fantasydata.com/headshots/nfl/low-res/20411.png,0
18480,P.Onwuasor,NYJ,OLB,Outside Linebacker,72,227,https://s3-us-west-2.amazonaws.com/static.fantasydata.com/headshots/nfl/low-res/18480.png,0
18958,T.Basham,NYJ,OLB,Outside Linebacker,76,266,https://s3-us-west-2.amazonaws.com/static.fantasydata.com/headshots/nfl/low-res/18958.png,0
19059,N.Gerry,PHI,OLB,Outside Linebacker,74,230,https://s3-us-west-2.amazonaws.com/static.fantasydata.com/headshots/nfl/low-res/19059.png,0
17085,A.Singleton,PHI,OLB,Outside Linebacker,74,240,https://s3-us-west-2.amazonaws.com/static.fantasydata.com/headshots/nfl/low-res/17085.png,0
18945,D.Riley,PHI,OLB,Outside Linebacker,73,218,https://s3-us-west-2.amazonaws.com/static.fantasydata.com/headshots/nfl/low-res/18945.png,0
19805,J.Elliott,PIT,OLB,Outside Linebacker,75,255,https://s3-us-west-2.amazonaws.com/static.fantasydata.com/headshots/nfl/low-res/19805.png,0
19749,C.Kuntz,PIT,OLB,Outside Linebacker,73,227,https://s3-us-west-2.amazonaws.com/static.fantasydata.com/headshots/nfl/low-res/19749.png,0
16783,B.Dupree,PIT,OLB,Outside Linebacker,76,269,https://s3-us-west-2.amazonaws.com/static.fantasydata.com/headshots/nfl/low-res/16783.png,0
18916,T.Watt,PIT,OLB,Outside Linebacker,76,252,https://s3-us-west-2.amazonaws.com/static.fantasydata.com/headshots/nfl/low-res/18916.png,0
20180,O.Adeniyi,PIT,OLB,Outside Linebacker,73,248,https://s3-us-west-2.amazonaws.com/static.fantasydata.com/headshots/nfl/low-res/20180.png,0
21354,D.Flannigan-Fowles,SF,OLB,Outside Linebacker,74,209,https://s3-us-west-2.amazonaws.com/static.fantasydata.com/headshots/nfl/low-res/21354.png,0
16995,M.Nzeocha,SF,OLB,Outside Linebacker,75,240,https://s3-us-west-2.amazonaws.com/static.fantasydata.com/headshots/nfl/low-res/16995.png,0
20778,D.Greenlaw,SF,OLB,Outside Linebacker,72,227,https://s3-us-west-2.amazonaws.com/static.fantasydata.com/headshots/nfl/low-res/20778.png,0
19923,S.Griffin,SEA,OLB,Outside Linebacker,72,227,https://s3-us-west-2.amazonaws.com/static.fantasydata.com/headshots/nfl/low-res/19923.png,0
13484,K.Wright,SEA,OLB,Outside Linebacker,76,246,https://s3-us-west-2.amazonaws.com/static.fantasydata.com/headshots/nfl/low-res/13484.png,0
14583,B.Irvin,SEA,OLB,Outside Linebacker,75,250,https://s3-us-west-2.amazonaws.com/static.fantasydata.com/headshots/nfl/low-res/14583.png,0
15827,R.Armstrong,SEA,OLB,Outside Linebacker,75,220,https://s3-us-west-2.amazonaws.com/static.fantasydata.com/headshots/nfl/low-res/15827.png,0
21053,B.Burr-Kirven,SEA,OLB,Outside Linebacker,72,230,https://s3-us-west-2.amazonaws.com/static.fantasydata.com/headshots/nfl/low-res/21053.png,0
19890,R.Green,SEA,OLB,Outside Linebacker,76,279,https://s3-us-west-2.amazonaws.com/static.fantasydata.com/headshots/nfl/low-res/19890.png,0
21136,Q.Bell,TB,OLB,Outside Linebacker,76,253,https://s3-us-west-2.amazonaws.com/static.fantasydata.com/headshots/nfl/low-res/21136.png,0
16271,S.Barrett,TB,OLB,Outside Linebacker,74,250,https://s3-us-west-2.amazonaws.com/static.fantasydata.com/headshots/nfl/low-res/16271.png,0
12247,J.Pierre-Paul,TB,OLB,Outside Linebacker,77,275,https://s3-us-west-2.amazonaws.com/static.fantasydata.com/headshots/nfl/low-res/12247.png,0
20894,A.Nelson,TB,OLB,Outside Linebacker,79,271,https://s3-us-west-2.amazonaws.com/static.fantasydata.com/headshots/nfl/low-res/20894.png,0
12951,B.Reed,TEN,OLB,Outside Linebacker,75,254,https://s3-us-west-2.amazonaws.com/static.fantasydata.com/headshots/nfl/low-res/12951.png,0
17123,N.Dzubnar,TEN,OLB,Outside Linebacker,73,240,https://s3-us-west-2.amazonaws.com/static.fantasydata.com/headshots/nfl/low-res/17123.png,0
21360,D.Roberson,TEN,OLB,Outside Linebacker,75,250,https://s3-us-west-2.amazonaws.com/static.fantasydata.com/headshots/nfl/low-res/21360.png,0
20921,W.Ray,TEN,OLB,Outside Linebacker,75,250,https://s3-us-west-2.amazonaws.com/static.fantasydata.com/headshots/nfl/low-res/20921.png,0
19862,H.Landry III,TEN,OLB,Outside Linebacker,74,252,https://s3-us-west-2.amazonaws.com/static.fantasydata.com/headshots/nfl/low-res/19862.png,0
21578,T.Skipper,TEN,OLB,Outside Linebacker,75,246,https://s3-us-west-2.amazonaws.com/static.fantasydata.com/headshots/nfl/low-res/21578.png,0
13731,M.Kendricks,WAS,OLB,Outside Linebacker,61,240,https://s3-us-west-2.amazonaws.com/static.fantasydata.com/headshots/nfl/low-res/13731.png,0
18943,R.Anderson,WAS,OLB,Outside Linebacker,74,255,https://s3-us-west-2.amazonaws.com/static.fantasydata.com/headshots/nfl/low-res/18943.png,0
4895,T.Davis Sr.,WAS,OLB,Outside Linebacker,73,235,https://s3-us-west-2.amazonaws.com/static.fantasydata.com/headshots/nfl/low-res/4895.png,0
20827,J.Jelks,WAS,OLB,Outside Linebacker,77,256,https://s3-us-west-2.amazonaws.com/static.fantasydata.com/headshots/nfl/low-res/20827.png,0
22029,J.Jones,ARI,OL,Offensive Lineman,77,319,https://s3-us-west-2.amazonaws.com/static.fantasydata.com/headshots/nfl/low-res/22029.png,1
21951,M.Hennessy,ATL,OL,Offensive Lineman,76,307,https://s3-us-west-2.amazonaws.com/static.fantasydata.com/headshots/nfl/low-res/21951.png,1
21206,P.Mekari,BAL,OL,Offensive Lineman,76,308,https://s3-us-west-2.amazonaws.com/static.fantasydata.com/headshots/nfl/low-res/21206.png,1
18205,M.Skura,BAL,OL,Offensive Lineman,75,313,https://s3-us-west-2.amazonaws.com/static.fantasydata.com/headshots/nfl/low-res/18205.png,1
20008,B.Bozeman,BAL,OL,Offensive Lineman,77,317,https://s3-us-west-2.amazonaws.com/static.fantasydata.com/headshots/nfl/low-res/20008.png,1
22143,L.Simmons,CHI,OL,Offensive Lineman,77,315,https://s3-us-west-2.amazonaws.com/static.fantasydata.com/headshots/nfl/low-res/22143.png,1
22231,B.Traore,CHI,OL,Offensive Lineman,79,320,https://s3-us-west-2.amazonaws.com/static.fantasydata.com/headshots/nfl/low-res/22231.png,1
16113,T.Hopkins,CIN,OL,Offensive Lineman,75,316,https://s3-us-west-2.amazonaws.com/static.fantasydata.com/headshots/nfl/low-res/16113.png,1
19479,E.Wilkinson,DEN,OL,Offensive Lineman,78,329,https://s3-us-west-2.amazonaws.com/static.fantasydata.com/headshots/nfl/low-res/19479.png,1
20482,A.Schlottmann,DEN,OL,Offensive Lineman,78,300,https://s3-us-west-2.amazonaws.com/static.fantasydata.com/headshots/nfl/low-res/20482.png,1
21997,L.Cushenberry III,DEN,OL,Offensive Lineman,75,312,https://s3-us-west-2.amazonaws.com/static.fantasydata.com/headshots/nfl/low-res/21997.png,1
22026,L.Stenberg,DET,OL,Offensive Lineman,78,321,https://s3-us-west-2.amazonaws.com/static.fantasydata.com/headshots/nfl/low-res/22026.png,1
21944,J.Jackson,DET,OL,Offensive Lineman,75,309,https://s3-us-west-2.amazonaws.com/static.fantasydata.com/headshots/nfl/low-res/21944.png,1
16029,B.Turner,GB,OL,Offensive Lineman,77,310,https://s3-us-west-2.amazonaws.com/static.fantasydata.com/headshots/nfl/low-res/16029.png,1
22001,C.Cabral,HOU,OL,Offensive Lineman,77,304,https://s3-us-west-2.amazonaws.com/static.fantasydata.com/headshots/nfl/low-res/22001.png,1
22164,J.Benzinger,IND,OL,Offensive Lineman,79,295,https://s3-us-west-2.amazonaws.com/static.fantasydata.com/headshots/nfl/low-res/22164.png,1
19831,Q.Nelson,IND,OL,Offensive Lineman,77,330,https://s3-us-west-2.amazonaws.com/static.fantasydata.com/headshots/nfl/low-res/19831.png,1
22444,A.Pleasants,JAX,OL,Offensive Lineman,79,312,https://s3-us-west-2.amazonaws.com/static.fantasydata.com/headshots/nfl/low-res/22444.png,1
22454,T.Wallace-Simms,JAX,OL,Offensive Lineman,77,330,https://s3-us-west-2.amazonaws.com/static.fantasydata.com/headshots/nfl/low-res/22454.png,1
22012,B.Bartch,JAX,OL,Offensive Lineman,78,309,https://s3-us-west-2.amazonaws.com/static.fantasydata.com/headshots/nfl/low-res/22012.png,1
17014,D.Good,LV,OL,Offensive Lineman,77,340,https://s3-us-west-2.amazonaws.com/static.fantasydata.com/headshots/nfl/low-res/17014.png,1
19983,S.Quessenberry,LAC,OL,Offensive Lineman,75,310,https://s3-us-west-2.amazonaws.com/static.fantasydata.com/headshots/nfl/low-res/19983.png,1
18087,C.Toner,LAC,OL,Offensive Lineman,77,310,https://s3-us-west-2.amazonaws.com/static.fantasydata.com/headshots/nfl/low-res/18087.png,1
16433,R.Groy,LAC,OL,Offensive Lineman,77,320,https://s3-us-west-2.amazonaws.com/static.fantasydata.com/headshots/nfl/low-res/16433.png,1
21065,M.Deiter,MIA,OL,Offensive Lineman,78,310,https://s3-us-west-2.amazonaws.com/static.fantasydata.com/headshots/nfl/low-res/21065.png,1
21943,R.Hunt,MIA,OL,Offensive Lineman,78,323,https://s3-us-west-2.amazonaws.com/static.fantasydata.com/headshots/nfl/low-res/21943.png,1
17566,J.Davis,MIA,OL,Offensive Lineman,78,325,https://s3-us-west-2.amazonaws.com/static.fantasydata.com/headshots/nfl/low-res/17566.png,1
21993,E.Cleveland,MIN,OL,Offensive Lineman,78,310,https://s3-us-west-2.amazonaws.com/static.fantasydata.com/headshots/nfl/low-res/21993.png,1
22038,M.Onwenu,NE,OL,Offensive Lineman,75,350,https://s3-us-west-2.amazonaws.com/static.fantasydata.com/headshots/nfl/low-res/22038.png,1
21950,J.Herron,NE,OL,Offensive Lineman,77,305,https://s3-us-west-2.amazonaws.com/static.fantasydata.com/headshots/nfl/low-res/21950.png,1
22036,C.Ruiz,NO,OL,Offensive Lineman,76,316,https://s3-us-west-2.amazonaws.com/static.fantasydata.com/headshots/nfl/low-res/22036.png,1
22043,C.Throckmorton,NO,OL,Offensive Lineman,77,311,https://s3-us-west-2.amazonaws.com/static.fantasydata.com/headshots/nfl/low-res/22043.png,1
16774,A.Peat,NO,OL,Offensive Lineman,79,316,https://s3-us-west-2.amazonaws.com/static.fantasydata.com/headshots/nfl/low-res/16774.png,1
20869,E.McCoy,NO,OL,Offensive Lineman,76,314,https://s3-us-west-2.amazonaws.com/static.fantasydata.com/headshots/nfl/low-res/20869.png,1
22091,K.Murphy,NYG,OL,Offensive Lineman,76,302,https://s3-us-west-2.amazonaws.com/static.fantasydata.com/headshots/nfl/low-res/22091.png,1
22132,K.Dotson,PIT,OL,Offensive Lineman,76,310,https://s3-us-west-2.amazonaws.com/static.fantasydata.com/headshots/nfl/low-res/22132.png,1
20847,C.Kaufusi,SF,OL,Offensive Lineman,81,275,https://s3-us-west-2.amazonaws.com/static.fantasydata.com/headshots/nfl/low-res/20847.png,1
22023,C.McKivitz,SF,OL,Offensive Lineman,78,310,https://s3-us-west-2.amazonaws.com/static.fantasydata.com/headshots/nfl/low-res/22023.png,1
22021,J.Molchon,TB,OL,Offensive Lineman,77,318,https://s3-us-west-2.amazonaws.com/static.fantasydata.com/headshots/nfl/low-res/22021.png,1
22033,T.Wirfs,TB,OL,Offensive Lineman,77,320,https://s3-us-west-2.amazonaws.com/static.fantasydata.com/headshots/nfl/low-res/22033.png,1
21945,K.Ismael,WAS,OL,Offensive Lineman,75,310,https://s3-us-west-2.amazonaws.com/static.fantasydata.com/headshots/nfl/low-res/21945.png,1
22008,S.Charles,WAS,OL,Offensive Lineman,76,321,https://s3-us-west-2.amazonaws.com/static.fantasydata.com/headshots/nfl/low-res/22008.png,1
