Country Name,Country Code,Indicator Name,Indicator Code,1960,1961,1962,1963,1964,1965,1966,1967,1968,1969,1970,1971,1972,1973,1974,1975,1976,1977,1978,1979,1980,1981,1982,1983,1984,1985,1986,1987,1988,1989,1990,1991,1992,1993,1994,1995,1996,1997,1998,1999,2000,2001,2002,2003,2004,2005,2006,2007,2008,2009,2010,2011,2012,2013,2014,2015,2016,2017,2018,2019
Aruba,ABW,"Prevalence of HIV, total (% of population ages 15-49)",SH.DYN.AIDS.ZS,,,,,,,,,,,,,,,,,,,,,,,,,,,,,,,,,,,,,,,,,,,,,,,,,,,,,,,,,,,,
Afghanistan,AFG,"Prevalence of HIV, total (% of population ages 15-49)",SH.DYN.AIDS.ZS,,,,,,,,,,,,,,,,,,,,,,,,,,,,,,,0.1,0.1,0.1,0.1,0.1,0.1,0.1,0.1,0.1,0.1,0.1,0.1,0.1,0.1,0.1,0.1,0.1,0.1,0.1,0.1,0.1,0.1,0.1,0.1,0.1,0.1,0.1,0.1,0.1,
Angola,AGO,"Prevalence of HIV, total (% of population ages 15-49)",SH.DYN.AIDS.ZS,,,,,,,,,,,,,,,,,,,,,,,,,,,,,,,0.2,0.3,0.3,0.4,0.5,0.6,0.7,0.7,0.8,0.9,1,1.1,1.2,1.3,1.3,1.4,1.5,1.6,1.6,1.7,1.7,1.8,1.8,1.9,1.9,1.9,1.9,2,2,
Albania,ALB,"Prevalence of HIV, total (% of population ages 15-49)",SH.DYN.AIDS.ZS,,,,,,,,,,,,,,,,,,,,,,,,,,,,,,,,,,,,,,,,,,,,,,,,,,,,,,,,,,,,
Andorra,AND,"Prevalence of HIV, total (% of population ages 15-49)",SH.DYN.AIDS.ZS,,,,,,,,,,,,,,,,,,,,,,,,,,,,,,,,,,,,,,,,,,,,,,,,,,,,,,,,,,,,
Arab World,ARB,"Prevalence of HIV, total (% of population ages 15-49)",SH.DYN.AIDS.ZS,,,,,,,,,,,,,,,,,,,,,,,,,,,,,,,0.1,0.100318046,0.100952454,0.101557728,0.106727974,0.107446169,0.10905167,0.11326686,0.115232618,0.115879118,0.119591354,0.120983043,0.121051223,0.12114369,0.131862034,0.131654678,0.131391381,0.126608544,0.12635482,0.126142606,0.128487267,0.124831039,0.123501958,0.123374823,0.125322584,0.12562698,0.120557709,0.120764125,0.120953374,
United Arab Emirates,ARE,"Prevalence of HIV, total (% of population ages 15-49)",SH.DYN.AIDS.ZS,,,,,,,,,,,,,,,,,,,,,,,,,,,,,,,,,,,,,,,,,,,,,,,,,,,,,,,,,,,,
Argentina,ARG,"Prevalence of HIV, total (% of population ages 15-49)",SH.DYN.AIDS.ZS,,,,,,,,,,,,,,,,,,,,,,,,,,,,,,,0.1,0.1,0.2,0.2,0.2,0.2,0.2,0.3,0.3,0.3,0.3,0.3,0.3,0.3,0.3,0.3,0.4,0.4,0.4,0.4,0.4,0.4,0.4,0.4,0.4,0.4,0.4,0.4,0.4,
Armenia,ARM,"Prevalence of HIV, total (% of population ages 15-49)",SH.DYN.AIDS.ZS,,,,,,,,,,,,,,,,,,,,,,,,,,,,,,,0.1,0.1,0.1,0.1,0.1,0.1,0.1,0.1,0.1,0.1,0.1,0.1,0.1,0.1,0.1,0.1,0.2,0.2,0.2,0.2,0.2,0.2,0.2,0.2,0.2,0.2,0.2,0.2,0.2,
American Samoa,ASM,"Prevalence of HIV, total (% of population ages 15-49)",SH.DYN.AIDS.ZS,,,,,,,,,,,,,,,,,,,,,,,,,,,,,,,,,,,,,,,,,,,,,,,,,,,,,,,,,,,,
Antigua and Barbuda,ATG,"Prevalence of HIV, total (% of population ages 15-49)",SH.DYN.AIDS.ZS,,,,,,,,,,,,,,,,,,,,,,,,,,,,,,,,,,,,,,,,,,,,,,,,,,,,,,,,,,,,
Australia,AUS,"Prevalence of HIV, total (% of population ages 15-49)",SH.DYN.AIDS.ZS,,,,,,,,,,,,,,,,,,,,,,,,,,,,,,,0.1,0.1,0.1,0.1,0.1,0.1,0.1,0.1,0.1,0.1,0.1,0.1,0.1,0.1,0.1,0.1,0.1,0.1,0.1,0.1,0.1,0.1,0.1,0.1,0.1,0.1,0.1,0.1,0.1,
Austria,AUT,"Prevalence of HIV, total (% of population ages 15-49)",SH.DYN.AIDS.ZS,,,,,,,,,,,,,,,,,,,,,,,,,,,,,,,,,,,,,,,,,,,,,,,,,,,,,,,,,,,,
Azerbaijan,AZE,"Prevalence of HIV, total (% of population ages 15-49)",SH.DYN.AIDS.ZS,,,,,,,,,,,,,,,,,,,,,,,,,,,,,,,,,,,,,,,,,,,,,,,,,,,,,,,,,,,,
Burundi,BDI,"Prevalence of HIV, total (% of population ages 15-49)",SH.DYN.AIDS.ZS,,,,,,,,,,,,,,,,,,,,,,,,,,,,,,,3.4,3.9,4.3,4.5,4.5,4.5,4.3,4.1,3.9,3.6,3.3,3.1,2.8,2.6,2.3,2.2,2,1.9,1.8,1.7,1.6,1.5,1.4,1.3,1.3,1.2,1.2,1.1,1,
Belgium,BEL,"Prevalence of HIV, total (% of population ages 15-49)",SH.DYN.AIDS.ZS,,,,,,,,,,,,,,,,,,,,,,,,,,,,,,,,,,,,,,,,,,,,,,,,,,,,,,,,,,,,
Benin,BEN,"Prevalence of HIV, total (% of population ages 15-49)",SH.DYN.AIDS.ZS,,,,,,,,,,,,,,,,,,,,,,,,,,,,,,,0.2,0.3,0.4,0.5,0.7,0.9,1,1.1,1.2,1.3,1.3,1.3,1.3,1.3,1.3,1.3,1.2,1.2,1.1,1.1,1.1,1.1,1.1,1.1,1.1,1.1,1.1,1,1,
Burkina Faso,BFA,"Prevalence of HIV, total (% of population ages 15-49)",SH.DYN.AIDS.ZS,,,,,,,,,,,,,,,,,,,,,,,,,,,,,,,2.7,2.9,2.9,3,2.9,2.9,2.7,2.6,2.4,2.3,2.1,2,1.8,1.7,1.6,1.5,1.4,1.3,1.3,1.2,1.2,1.1,1.1,1,1,0.9,0.8,0.8,0.7,
Bangladesh,BGD,"Prevalence of HIV, total (% of population ages 15-49)",SH.DYN.AIDS.ZS,,,,,,,,,,,,,,,,,,,,,,,,,,,,,,,0.1,0.1,0.1,0.1,0.1,0.1,0.1,0.1,0.1,0.1,0.1,0.1,0.1,0.1,0.1,0.1,0.1,0.1,0.1,0.1,0.1,0.1,0.1,0.1,0.1,0.1,0.1,0.1,0.1,
Bulgaria,BGR,"Prevalence of HIV, total (% of population ages 15-49)",SH.DYN.AIDS.ZS,,,,,,,,,,,,,,,,,,,,,,,,,,,,,,,0.1,0.1,0.1,0.1,0.1,0.1,0.1,0.1,0.1,0.1,0.1,0.1,0.1,0.1,0.1,0.1,0.1,0.1,0.1,0.1,0.1,0.1,0.1,0.1,0.1,0.1,0.1,0.1,0.1,
Bahrain,BHR,"Prevalence of HIV, total (% of population ages 15-49)",SH.DYN.AIDS.ZS,,,,,,,,,,,,,,,,,,,,,,,,,,,,,,,,,,,,,,,,,,,,,,,,,,,,,,,,,,,,
"Bahamas, The",BHS,"Prevalence of HIV, total (% of population ages 15-49)",SH.DYN.AIDS.ZS,,,,,,,,,,,,,,,,,,,,,,,,,,,,,,,3.2,3.3,3.3,3.3,3.2,3.1,3,2.9,2.8,2.7,2.6,2.5,2.4,2.3,2.3,2.3,2.2,2.2,2.2,2.2,2.2,2.1,2.1,2,2,1.9,1.9,1.8,1.8,
Bosnia and Herzegovina,BIH,"Prevalence of HIV, total (% of population ages 15-49)",SH.DYN.AIDS.ZS,,,,,,,,,,,,,,,,,,,,,,,,,,,,,,,0.1,0.1,0.1,0.1,0.1,0.1,0.1,0.1,0.1,0.1,0.1,0.1,0.1,0.1,0.1,0.1,0.1,0.1,0.1,0.1,0.1,0.1,0.1,0.1,0.1,0.1,0.1,0.1,0.1,
Belarus,BLR,"Prevalence of HIV, total (% of population ages 15-49)",SH.DYN.AIDS.ZS,,,,,,,,,,,,,,,,,,,,,,,,,,,,,,,0.1,0.1,0.1,0.1,0.1,0.1,0.1,0.1,0.1,0.1,0.1,0.1,0.1,0.1,0.1,0.1,0.1,0.1,0.2,0.2,0.2,0.3,0.3,0.3,0.4,0.4,0.4,0.4,0.5,
Belize,BLZ,"Prevalence of HIV, total (% of population ages 15-49)",SH.DYN.AIDS.ZS,,,,,,,,,,,,,,,,,,,,,,,,,,,,,,,0.1,0.2,0.2,0.3,0.4,0.6,0.7,0.8,1,1.1,1.3,1.4,1.5,1.6,1.6,1.7,1.8,1.8,1.8,1.9,1.9,1.9,1.9,1.9,1.9,1.9,1.9,1.9,1.9,
Bermuda,BMU,"Prevalence of HIV, total (% of population ages 15-49)",SH.DYN.AIDS.ZS,,,,,,,,,,,,,,,,,,,,,,,,,,,,,,,,,,,,,,,,,,,,,,,,,,,,,,,,,,,,
Bolivia,BOL,"Prevalence of HIV, total (% of population ages 15-49)",SH.DYN.AIDS.ZS,,,,,,,,,,,,,,,,,,,,,,,,,,,,,,,0.1,0.1,0.1,0.1,0.1,0.1,0.2,0.3,0.4,0.4,0.5,0.5,0.5,0.5,0.5,0.5,0.5,0.5,0.4,0.4,0.4,0.4,0.3,0.3,0.3,0.3,0.3,0.3,0.3,
Brazil,BRA,"Prevalence of HIV, total (% of population ages 15-49)",SH.DYN.AIDS.ZS,,,,,,,,,,,,,,,,,,,,,,,,,,,,,,,0.2,0.2,0.2,0.3,0.3,0.3,0.3,0.3,0.3,0.4,0.4,0.4,0.4,0.4,0.4,0.5,0.5,0.5,0.5,0.5,0.5,0.5,0.5,0.5,0.5,0.5,0.5,0.5,0.5,
Barbados,BRB,"Prevalence of HIV, total (% of population ages 15-49)",SH.DYN.AIDS.ZS,,,,,,,,,,,,,,,,,,,,,,,,,,,,,,,0.2,0.2,0.3,0.3,0.4,0.4,0.5,0.5,0.6,0.7,0.7,0.8,0.8,0.9,0.9,1,1.1,1.1,1.2,1.2,1.3,1.3,1.4,1.4,1.5,1.5,1.5,1.5,1.5,
Brunei Darussalam,BRN,"Prevalence of HIV, total (% of population ages 15-49)",SH.DYN.AIDS.ZS,,,,,,,,,,,,,,,,,,,,,,,,,,,,,,,,,,,,,,,,,,,,,,,,,,,,,,,,,,,,
Bhutan,BTN,"Prevalence of HIV, total (% of population ages 15-49)",SH.DYN.AIDS.ZS,,,,,,,,,,,,,,,,,,,,,,,,,,,,,,,0.1,0.1,0.1,0.1,0.1,0.1,0.1,0.1,0.1,0.2,0.2,0.2,0.3,0.3,0.3,0.3,0.3,0.3,0.3,0.3,0.3,0.3,0.3,0.3,0.3,0.3,0.3,0.3,0.3,
Botswana,BWA,"Prevalence of HIV, total (% of population ages 15-49)",SH.DYN.AIDS.ZS,,,,,,,,,,,,,,,,,,,,,,,,,,,,,,,6.3,8.8,11.6,14.6,17.6,20.3,22.6,24.3,25.5,26.1,26.3,26.2,25.8,25.4,24.9,24.6,24.3,24,23.7,23.4,23.2,22.9,22.6,22.2,21.9,21.6,21.2,20.7,20.3,
Central African Republic,CAF,"Prevalence of HIV, total (% of population ages 15-49)",SH.DYN.AIDS.ZS,,,,,,,,,,,,,,,,,,,,,,,,,,,,,,,3.7,4.8,5.7,6.3,6.8,7.2,7.4,7.5,7.5,7.3,7.2,7,6.7,6.4,6.2,5.9,5.7,5.5,5.3,5.1,5,4.8,4.6,4.4,4.2,4,3.9,3.7,3.6,
Canada,CAN,"Prevalence of HIV, total (% of population ages 15-49)",SH.DYN.AIDS.ZS,,,,,,,,,,,,,,,,,,,,,,,,,,,,,,,,,,,,,,,,,,,,,,,,,,,,,,,,,,,,
Central Europe and the Baltics,CEB,"Prevalence of HIV, total (% of population ages 15-49)",SH.DYN.AIDS.ZS,,,,,,,,,,,,,,,,,,,,,,,,,,,,,,,,,,,,,,,,,,,,,,,,,,,,,,,,,,,,
Switzerland,CHE,"Prevalence of HIV, total (% of population ages 15-49)",SH.DYN.AIDS.ZS,,,,,,,,,,,,,,,,,,,,,,,,,,,,,,,,,,,,,,,,,,,,,,,,,,,,,,,,,,,,
Channel Islands,CHI,"Prevalence of HIV, total (% of population ages 15-49)",SH.DYN.AIDS.ZS,,,,,,,,,,,,,,,,,,,,,,,,,,,,,,,,,,,,,,,,,,,,,,,,,,,,,,,,,,,,
Chile,CHL,"Prevalence of HIV, total (% of population ages 15-49)",SH.DYN.AIDS.ZS,,,,,,,,,,,,,,,,,,,,,,,,,,,,,,,0.1,0.1,0.1,0.1,0.1,0.1,0.1,0.1,0.1,0.1,0.2,0.2,0.2,0.2,0.2,0.2,0.3,0.3,0.3,0.3,0.4,0.4,0.4,0.4,0.4,0.5,0.5,0.5,0.5,
China,CHN,"Prevalence of HIV, total (% of population ages 15-49)",SH.DYN.AIDS.ZS,,,,,,,,,,,,,,,,,,,,,,,,,,,,,,,,,,,,,,,,,,,,,,,,,,,,,,,,,,,,
Cote d'Ivoire,CIV,"Prevalence of HIV, total (% of population ages 15-49)",SH.DYN.AIDS.ZS,,,,,,,,,,,,,,,,,,,,,,,,,,,,,,,3.7,4.3,5,5.4,5.8,6,6.1,6.1,6,5.8,5.6,5.4,5.1,4.8,4.6,4.4,4.2,4,3.9,3.7,3.6,3.5,3.3,3.2,3.1,2.9,2.8,2.7,2.6,
Cameroon,CMR,"Prevalence of HIV, total (% of population ages 15-49)",SH.DYN.AIDS.ZS,,,,,,,,,,,,,,,,,,,,,,,,,,,,,,,0.9,1.1,1.5,1.8,2.2,2.7,3.1,3.6,4,4.3,4.6,4.7,4.8,4.8,4.8,4.8,4.7,4.7,4.6,4.5,4.5,4.4,4.3,4.2,4.1,3.9,3.8,3.7,3.6,
"Congo, Dem. Rep.",COD,"Prevalence of HIV, total (% of population ages 15-49)",SH.DYN.AIDS.ZS,,,,,,,,,,,,,,,,,,,,,,,,,,,,,,,1.7,1.8,1.9,2,2,2,2,2,1.9,1.9,1.8,1.7,1.6,1.6,1.5,1.4,1.3,1.3,1.2,1.2,1.1,1.1,1,1,0.9,0.9,0.8,0.8,0.8,
"Congo, Rep.",COG,"Prevalence of HIV, total (% of population ages 15-49)",SH.DYN.AIDS.ZS,,,,,,,,,,,,,,,,,,,,,,,,,,,,,,,3.3,3.8,4.3,4.5,4.7,4.7,4.7,4.6,4.5,4.4,4.2,4.1,3.9,3.8,3.6,3.5,3.4,3.3,3.2,3.2,3.1,3.1,3,3,2.9,2.8,2.8,2.7,2.6,
Colombia,COL,"Prevalence of HIV, total (% of population ages 15-49)",SH.DYN.AIDS.ZS,,,,,,,,,,,,,,,,,,,,,,,,,,,,,,,0.1,0.1,0.2,0.2,0.3,0.3,0.4,0.4,0.4,0.4,0.4,0.4,0.4,0.4,0.4,0.4,0.4,0.4,0.4,0.4,0.4,0.4,0.4,0.4,0.4,0.4,0.4,0.4,0.4,
Comoros,COM,"Prevalence of HIV, total (% of population ages 15-49)",SH.DYN.AIDS.ZS,,,,,,,,,,,,,,,,,,,,,,,,,,,,,,,0.1,0.1,0.1,0.1,0.1,0.1,0.1,0.1,0.1,0.1,0.1,0.1,0.1,0.1,0.1,0.1,0.1,0.1,0.1,0.1,0.1,0.1,0.1,0.1,0.1,0.1,0.1,0.1,0.1,
Cabo Verde,CPV,"Prevalence of HIV, total (% of population ages 15-49)",SH.DYN.AIDS.ZS,,,,,,,,,,,,,,,,,,,,,,,,,,,,,,,0.4,0.5,0.5,0.6,0.6,0.6,0.6,0.7,0.7,0.7,0.7,0.7,0.7,0.6,0.6,0.6,0.6,0.6,0.6,0.6,0.6,0.6,0.6,0.6,0.6,0.6,0.6,0.6,0.6,
Costa Rica,CRI,"Prevalence of HIV, total (% of population ages 15-49)",SH.DYN.AIDS.ZS,,,,,,,,,,,,,,,,,,,,,,,,,,,,,,,0.1,0.1,0.1,0.1,0.1,0.2,0.2,0.2,0.2,0.2,0.2,0.2,0.2,0.2,0.2,0.2,0.3,0.3,0.3,0.3,0.3,0.3,0.3,0.4,0.4,0.4,0.4,0.4,0.4,
Cuba,CUB,"Prevalence of HIV, total (% of population ages 15-49)",SH.DYN.AIDS.ZS,,,,,,,,,,,,,,,,,,,,,,,,,,,,,,,0.1,0.1,0.1,0.1,0.1,0.1,0.1,0.1,0.1,0.1,0.1,0.1,0.1,0.1,0.1,0.1,0.2,0.2,0.2,0.2,0.2,0.3,0.3,0.3,0.4,0.4,0.4,0.4,0.4,
Curacao,CUW,"Prevalence of HIV, total (% of population ages 15-49)",SH.DYN.AIDS.ZS,,,,,,,,,,,,,,,,,,,,,,,,,,,,,,,,,,,,,,,,,,,,,,,,,,,,,,,,,,,,
Cayman Islands,CYM,"Prevalence of HIV, total (% of population ages 15-49)",SH.DYN.AIDS.ZS,,,,,,,,,,,,,,,,,,,,,,,,,,,,,,,,,,,,,,,,,,,,,,,,,,,,,,,,,,,,
Cyprus,CYP,"Prevalence of HIV, total (% of population ages 15-49)",SH.DYN.AIDS.ZS,,,,,,,,,,,,,,,,,,,,,,,,,,,,,,,,,,,,,,,,,,,,,,,,,,,,,,,,,,,,
Czech Republic,CZE,"Prevalence of HIV, total (% of population ages 15-49)",SH.DYN.AIDS.ZS,,,,,,,,,,,,,,,,,,,,,,,,,,,,,,,0.1,0.1,0.1,0.1,0.1,0.1,0.1,0.1,0.1,0.1,0.1,0.1,0.1,0.1,0.1,0.1,0.1,0.1,0.1,0.1,0.1,0.1,0.1,0.1,0.1,0.1,0.1,0.1,0.1,
Germany,DEU,"Prevalence of HIV, total (% of population ages 15-49)",SH.DYN.AIDS.ZS,,,,,,,,,,,,,,,,,,,,,,,,,,,,,,,0.1,0.1,0.1,0.1,0.1,0.1,0.1,0.1,0.1,0.1,0.1,0.1,0.1,0.1,0.1,0.1,0.1,0.1,0.1,0.1,0.1,0.1,0.1,0.1,0.1,0.1,0.1,0.1,0.1,
Djibouti,DJI,"Prevalence of HIV, total (% of population ages 15-49)",SH.DYN.AIDS.ZS,,,,,,,,,,,,,,,,,,,,,,,,,,,,,,,0.1,0.2,0.4,0.6,0.8,1.1,1.3,1.6,1.9,2.1,2.2,2.3,2.3,2.3,2.2,2.1,2,1.9,1.8,1.7,1.6,1.5,1.4,1.3,1.3,1.3,1.2,1.2,1.2,
Dominica,DMA,"Prevalence of HIV, total (% of population ages 15-49)",SH.DYN.AIDS.ZS,,,,,,,,,,,,,,,,,,,,,,,,,,,,,,,,,,,,,,,,,,,,,,,,,,,,,,,,,,,,
Denmark,DNK,"Prevalence of HIV, total (% of population ages 15-49)",SH.DYN.AIDS.ZS,,,,,,,,,,,,,,,,,,,,,,,,,,,,,,,0.1,0.1,0.1,0.1,0.1,0.1,0.1,0.1,0.1,0.1,0.1,0.1,0.1,0.1,0.1,0.1,0.1,0.1,0.1,0.1,0.1,0.1,0.1,0.1,0.1,0.1,0.1,0.1,0.1,
Dominican Republic,DOM,"Prevalence of HIV, total (% of population ages 15-49)",SH.DYN.AIDS.ZS,,,,,,,,,,,,,,,,,,,,,,,,,,,,,,,0.7,0.9,1,1.2,1.3,1.5,1.6,1.6,1.7,1.7,1.7,1.7,1.6,1.6,1.5,1.4,1.4,1.3,1.3,1.2,1.2,1.1,1.1,1.1,1,1,1,0.9,0.9,
Algeria,DZA,"Prevalence of HIV, total (% of population ages 15-49)",SH.DYN.AIDS.ZS,,,,,,,,,,,,,,,,,,,,,,,,,,,,,,,0.1,0.1,0.1,0.1,0.1,0.1,0.1,0.1,0.1,0.1,0.1,0.1,0.1,0.1,0.1,0.1,0.1,0.1,0.1,0.1,0.1,0.1,0.1,0.1,0.1,0.1,0.1,0.1,0.1,
Ecuador,ECU,"Prevalence of HIV, total (% of population ages 15-49)",SH.DYN.AIDS.ZS,,,,,,,,,,,,,,,,,,,,,,,,,,,,,,,0.2,0.2,0.2,0.3,0.3,0.3,0.3,0.3,0.4,0.4,0.4,0.4,0.4,0.4,0.4,0.4,0.4,0.4,0.4,0.4,0.4,0.4,0.4,0.4,0.4,0.4,0.4,0.4,0.4,
"Egypt, Arab Rep.",EGY,"Prevalence of HIV, total (% of population ages 15-49)",SH.DYN.AIDS.ZS,,,,,,,,,,,,,,,,,,,,,,,,,,,,,,,0.1,0.1,0.1,0.1,0.1,0.1,0.1,0.1,0.1,0.1,0.1,0.1,0.1,0.1,0.1,0.1,0.1,0.1,0.1,0.1,0.1,0.1,0.1,0.1,0.1,0.1,0.1,0.1,0.1,
Euro area,EMU,"Prevalence of HIV, total (% of population ages 15-49)",SH.DYN.AIDS.ZS,,,,,,,,,,,,,,,,,,,,,,,,,,,,,,,0.148205309,0.151831437,0.152016248,0.176668133,0.17689263,0.180606909,0.180753065,0.184471605,0.184616452,0.186006398,0.20201614,0.203783873,0.20423524,0.229308895,0.229798024,0.236602894,0.237012447,0.256710034,0.257245532,0.25768075,0.259697685,0.260936273,0.261480859,0.261260794,0.257514487,0.25705858,0.256949371,0.257245149,0.243554199,
Eritrea,ERI,"Prevalence of HIV, total (% of population ages 15-49)",SH.DYN.AIDS.ZS,,,,,,,,,,,,,,,,,,,,,,,,,,,,,,,0.9,1.1,1.3,1.4,1.6,1.6,1.6,1.6,1.6,1.5,1.5,1.4,1.3,1.2,1.2,1.1,1,1,1,0.9,0.9,0.9,0.9,0.8,0.8,0.8,0.8,0.7,0.7,
Spain,ESP,"Prevalence of HIV, total (% of population ages 15-49)",SH.DYN.AIDS.ZS,,,,,,,,,,,,,,,,,,,,,,,,,,,,,,,0.3,0.3,0.3,0.3,0.3,0.3,0.3,0.3,0.3,0.3,0.4,0.4,0.4,0.4,0.4,0.4,0.4,0.4,0.4,0.4,0.4,0.4,0.4,0.4,0.4,0.4,0.4,0.4,0.3,
Estonia,EST,"Prevalence of HIV, total (% of population ages 15-49)",SH.DYN.AIDS.ZS,,,,,,,,,,,,,,,,,,,,,,,,,,,,,,,0.1,0.1,0.1,0.1,0.1,0.1,0.1,0.1,0.1,0.2,0.4,0.7,0.7,0.7,0.7,0.7,0.7,0.7,0.7,0.7,0.7,0.8,0.8,0.8,0.8,0.8,0.8,0.9,0.9,
Ethiopia,ETH,"Prevalence of HIV, total (% of population ages 15-49)",SH.DYN.AIDS.ZS,,,,,,,,,,,,,,,,,,,,,,,,,,,,,,,1.6,1.9,2.3,2.5,2.7,2.8,2.8,2.7,2.6,2.5,2.4,2.2,2.1,1.9,1.8,1.7,1.6,1.5,1.4,1.4,1.3,1.3,1.3,1.2,1.2,1.1,1.1,1.1,1,
European Union,EUU,"Prevalence of HIV, total (% of population ages 15-49)",SH.DYN.AIDS.ZS,,,,,,,,,,,,,,,,,,,,,,,,,,,,,,,0.139558546,0.142589722,0.142772368,0.163005004,0.163139572,0.166181557,0.16630471,0.169385297,0.169542306,0.170729223,0.183950119,0.18563384,0.186225129,0.207122813,0.207667818,0.213453495,0.2139417,0.230573488,0.231258478,0.231738475,0.233485148,0.234398815,0.234804778,0.234566953,0.231400286,0.231015275,0.230974413,0.226360552,0.218791689,
Finland,FIN,"Prevalence of HIV, total (% of population ages 15-49)",SH.DYN.AIDS.ZS,,,,,,,,,,,,,,,,,,,,,,,,,,,,,,,0.1,0.1,0.1,0.1,0.1,0.1,0.1,0.1,0.1,0.1,0.1,0.1,0.1,0.1,0.1,0.1,0.1,0.1,0.1,0.1,0.1,0.1,0.1,0.1,0.1,0.1,0.1,0.1,0.1,
Fiji,FJI,"Prevalence of HIV, total (% of population ages 15-49)",SH.DYN.AIDS.ZS,,,,,,,,,,,,,,,,,,,,,,,,,,,,,,,,,,,,,,,,,,,,,,,,,,,,,,,,,,,,
France,FRA,"Prevalence of HIV, total (% of population ages 15-49)",SH.DYN.AIDS.ZS,,,,,,,,,,,,,,,,,,,,,,,,,,,,,,,0.1,0.1,0.1,0.2,0.2,0.2,0.2,0.2,0.2,0.2,0.2,0.2,0.2,0.3,0.3,0.3,0.3,0.3,0.3,0.3,0.3,0.3,0.3,0.3,0.3,0.3,0.3,0.3,0.3,
Faroe Islands,FRO,"Prevalence of HIV, total (% of population ages 15-49)",SH.DYN.AIDS.ZS,,,,,,,,,,,,,,,,,,,,,,,,,,,,,,,,,,,,,,,,,,,,,,,,,,,,,,,,,,,,
"Micronesia, Fed. Sts.",FSM,"Prevalence of HIV, total (% of population ages 15-49)",SH.DYN.AIDS.ZS,,,,,,,,,,,,,,,,,,,,,,,,,,,,,,,,,,,,,,,,,,,,,,,,,,,,,,,,,,,,
Gabon,GAB,"Prevalence of HIV, total (% of population ages 15-49)",SH.DYN.AIDS.ZS,,,,,,,,,,,,,,,,,,,,,,,,,,,,,,,1,1.3,1.6,1.9,2.3,2.7,3.1,3.5,3.7,3.9,4.1,4.2,4.2,4.2,4.2,4.2,4.2,4.2,4.1,4.1,4.1,4.1,4.1,4,4,4,3.9,3.9,3.8,
United Kingdom,GBR,"Prevalence of HIV, total (% of population ages 15-49)",SH.DYN.AIDS.ZS,,,,,,,,,,,,,,,,,,,,,,,,,,,,,,,,,,,,,,,,,,,,,,,,,,,,,,,,,,0.2,,
Georgia,GEO,"Prevalence of HIV, total (% of population ages 15-49)",SH.DYN.AIDS.ZS,,,,,,,,,,,,,,,,,,,,,,,,,,,,,,,0.1,0.1,0.1,0.1,0.1,0.1,0.1,0.1,0.1,0.1,0.1,0.1,0.1,0.1,0.1,0.1,0.1,0.1,0.2,0.2,0.2,0.2,0.3,0.3,0.3,0.3,0.3,0.4,0.4,
Ghana,GHA,"Prevalence of HIV, total (% of population ages 15-49)",SH.DYN.AIDS.ZS,,,,,,,,,,,,,,,,,,,,,,,,,,,,,,,1.2,1.5,1.7,1.9,2.1,2.2,2.3,2.4,2.4,2.4,2.4,2.4,2.3,2.2,2.2,2.1,2,2,1.9,1.9,1.9,1.9,1.8,1.8,1.8,1.8,1.8,1.7,1.7,
Gibraltar,GIB,"Prevalence of HIV, total (% of population ages 15-49)",SH.DYN.AIDS.ZS,,,,,,,,,,,,,,,,,,,,,,,,,,,,,,,,,,,,,,,,,,,,,,,,,,,,,,,,,,,,
Guinea,GIN,"Prevalence of HIV, total (% of population ages 15-49)",SH.DYN.AIDS.ZS,,,,,,,,,,,,,,,,,,,,,,,,,,,,,,,0.6,0.8,0.9,1,1.2,1.3,1.4,1.5,1.6,1.6,1.7,1.7,1.7,1.7,1.7,1.7,1.6,1.6,1.6,1.6,1.6,1.6,1.6,1.6,1.6,1.5,1.5,1.5,1.4,
"Gambia, The",GMB,"Prevalence of HIV, total (% of population ages 15-49)",SH.DYN.AIDS.ZS,,,,,,,,,,,,,,,,,,,,,,,,,,,,,,,0.1,0.2,0.2,0.3,0.4,0.6,0.8,0.9,1.1,1.3,1.4,1.6,1.7,1.7,1.8,1.8,1.8,1.8,1.8,1.9,1.9,1.9,1.9,1.9,1.9,1.9,1.9,1.9,1.9,
Guinea-Bissau,GNB,"Prevalence of HIV, total (% of population ages 15-49)",SH.DYN.AIDS.ZS,,,,,,,,,,,,,,,,,,,,,,,,,,,,,,,0.4,0.5,0.7,1,1.3,1.6,2,2.3,2.6,2.9,3.2,3.4,3.5,3.6,3.7,3.8,3.8,3.8,3.8,3.8,3.8,3.8,3.8,3.8,3.8,3.7,3.6,3.6,3.5,
Equatorial Guinea,GNQ,"Prevalence of HIV, total (% of population ages 15-49)",SH.DYN.AIDS.ZS,,,,,,,,,,,,,,,,,,,,,,,,,,,,,,,0.8,1,1.2,1.5,1.8,2,2.3,2.6,2.9,3.2,3.5,3.7,4,4.2,4.4,4.6,4.8,5,5.3,5.5,5.7,5.9,6.2,6.3,6.5,6.7,6.9,7,7.1,
Greece,GRC,"Prevalence of HIV, total (% of population ages 15-49)",SH.DYN.AIDS.ZS,,,,,,,,,,,,,,,,,,,,,,,,,,,,,,,,,,,,,,,,,,,,,,,,,,,,,,,,,,,,
Grenada,GRD,"Prevalence of HIV, total (% of population ages 15-49)",SH.DYN.AIDS.ZS,,,,,,,,,,,,,,,,,,,,,,,,,,,,,,,,,,,,,,,,,,,,,,,,,,,,,,,,,,,,
Greenland,GRL,"Prevalence of HIV, total (% of population ages 15-49)",SH.DYN.AIDS.ZS,,,,,,,,,,,,,,,,,,,,,,,,,,,,,,,,,,,,,,,,,,,,,,,,,,,,,,,,,,,,
Guatemala,GTM,"Prevalence of HIV, total (% of population ages 15-49)",SH.DYN.AIDS.ZS,,,,,,,,,,,,,,,,,,,,,,,,,,,,,,,0.3,0.3,0.4,0.4,0.5,0.5,0.6,0.6,0.7,0.7,0.7,0.7,0.7,0.7,0.7,0.7,0.6,0.6,0.6,0.6,0.6,0.5,0.5,0.5,0.5,0.4,0.4,0.4,0.4,
Guam,GUM,"Prevalence of HIV, total (% of population ages 15-49)",SH.DYN.AIDS.ZS,,,,,,,,,,,,,,,,,,,,,,,,,,,,,,,,,,,,,,,,,,,,,,,,,,,,,,,,,,,,
Guyana,GUY,"Prevalence of HIV, total (% of population ages 15-49)",SH.DYN.AIDS.ZS,,,,,,,,,,,,,,,,,,,,,,,,,,,,,,,0.1,0.1,0.1,0.1,0.1,0.1,0.2,0.2,0.3,0.4,0.6,0.7,0.9,1,1.2,1.3,1.4,1.4,1.5,1.5,1.5,1.5,1.5,1.5,1.5,1.5,1.5,1.5,1.4,
High income,HIC,"Prevalence of HIV, total (% of population ages 15-49)",SH.DYN.AIDS.ZS,,,,,,,,,,,,,,,,,,,,,,,,,,,,,,,,,,,,,,,,,,,,,,,,,,,0.282858918,0.2839776,0.284394492,0.284438799,0.284111458,0.287621378,0.288464444,,,
"Hong Kong SAR, China",HKG,"Prevalence of HIV, total (% of population ages 15-49)",SH.DYN.AIDS.ZS,,,,,,,,,,,,,,,,,,,,,,,,,,,,,,,,,,,,,,,,,,,,,,,,,,,,,,,,,,,,
Honduras,HND,"Prevalence of HIV, total (% of population ages 15-49)",SH.DYN.AIDS.ZS,,,,,,,,,,,,,,,,,,,,,,,,,,,,,,,1.3,1.4,1.5,1.6,1.6,1.5,1.5,1.4,1.3,1.2,1.1,1,0.9,0.9,0.8,0.7,0.7,0.6,0.6,0.5,0.5,0.5,0.4,0.4,0.4,0.4,0.4,0.3,0.3,
Croatia,HRV,"Prevalence of HIV, total (% of population ages 15-49)",SH.DYN.AIDS.ZS,,,,,,,,,,,,,,,,,,,,,,,,,,,,,,,0.1,0.1,0.1,0.1,0.1,0.1,0.1,0.1,0.1,0.1,0.1,0.1,0.1,0.1,0.1,0.1,0.1,0.1,0.1,0.1,0.1,0.1,0.1,0.1,0.1,0.1,0.1,0.1,0.1,
Haiti,HTI,"Prevalence of HIV, total (% of population ages 15-49)",SH.DYN.AIDS.ZS,,,,,,,,,,,,,,,,,,,,,,,,,,,,,,,2.8,3.1,3.3,3.5,3.5,3.5,3.5,3.4,3.3,3.1,3,2.9,2.7,2.6,2.5,2.4,2.3,2.2,2.2,2.2,2.1,2.1,2.1,2.1,2.1,2.1,2.1,2,2,
Hungary,HUN,"Prevalence of HIV, total (% of population ages 15-49)",SH.DYN.AIDS.ZS,,,,,,,,,,,,,,,,,,,,,,,,,,,,,,,0.1,0.1,0.1,0.1,0.1,0.1,0.1,0.1,0.1,0.1,0.1,0.1,0.1,0.1,0.1,0.1,0.1,0.1,0.1,0.1,0.1,0.1,0.1,0.1,0.1,0.1,0.1,0.1,0.1,
Indonesia,IDN,"Prevalence of HIV, total (% of population ages 15-49)",SH.DYN.AIDS.ZS,,,,,,,,,,,,,,,,,,,,,,,,,,,,,,,0.1,0.1,0.1,0.1,0.1,0.1,0.1,0.1,0.1,0.1,0.1,0.1,0.1,0.2,0.2,0.2,0.3,0.3,0.3,0.4,0.4,0.4,0.4,0.4,0.4,0.4,0.4,0.4,0.4,
Isle of Man,IMN,"Prevalence of HIV, total (% of population ages 15-49)",SH.DYN.AIDS.ZS,,,,,,,,,,,,,,,,,,,,,,,,,,,,,,,,,,,,,,,,,,,,,,,,,,,,,,,,,,,,
India,IND,"Prevalence of HIV, total (% of population ages 15-49)",SH.DYN.AIDS.ZS,,,,,,,,,,,,,,,,,,,,,,,,,,,,,,,,,,,,,,,,,,,,,,,,,,,,,,,,,,,,
Ireland,IRL,"Prevalence of HIV, total (% of population ages 15-49)",SH.DYN.AIDS.ZS,,,,,,,,,,,,,,,,,,,,,,,,,,,,,,,0.1,0.1,0.1,0.1,0.1,0.1,0.1,0.1,0.1,0.1,0.1,0.1,0.1,0.1,0.1,0.1,0.1,0.1,0.1,0.1,0.2,0.2,0.2,0.2,0.2,0.2,0.2,0.2,0.2,
"Iran, Islamic Rep.",IRN,"Prevalence of HIV, total (% of population ages 15-49)",SH.DYN.AIDS.ZS,,,,,,,,,,,,,,,,,,,,,,,,,,,,,,,0.1,0.1,0.1,0.1,0.1,0.1,0.1,0.1,0.1,0.1,0.1,0.1,0.1,0.1,0.1,0.1,0.1,0.1,0.1,0.1,0.1,0.1,0.1,0.1,0.1,0.1,0.1,0.1,0.1,
Iraq,IRQ,"Prevalence of HIV, total (% of population ages 15-49)",SH.DYN.AIDS.ZS,,,,,,,,,,,,,,,,,,,,,,,,,,,,,,,,,,,,,,,,,,,,,,,,,,,,,,,,,,,,
Iceland,ISL,"Prevalence of HIV, total (% of population ages 15-49)",SH.DYN.AIDS.ZS,,,,,,,,,,,,,,,,,,,,,,,,,,,,,,,0.1,0.1,0.1,0.1,0.1,0.1,0.1,0.1,0.1,0.1,0.1,0.1,0.1,0.1,0.1,0.1,0.1,0.1,0.1,0.1,0.1,0.1,0.1,0.1,0.1,0.1,0.1,0.1,0.1,
Israel,ISR,"Prevalence of HIV, total (% of population ages 15-49)",SH.DYN.AIDS.ZS,,,,,,,,,,,,,,,,,,,,,,,,,,,,,,,0.1,0.1,0.1,0.1,0.1,0.1,0.1,0.1,0.1,0.1,0.1,0.1,0.1,0.1,0.1,0.1,0.1,0.1,0.1,0.1,0.1,0.1,0.1,0.1,0.1,0.2,0.2,0.2,0.2,
Italy,ITA,"Prevalence of HIV, total (% of population ages 15-49)",SH.DYN.AIDS.ZS,,,,,,,,,,,,,,,,,,,,,,,,,,,,,,,0.2,0.2,0.2,0.2,0.2,0.2,0.2,0.2,0.2,0.2,0.2,0.2,0.2,0.2,0.2,0.2,0.2,0.3,0.3,0.3,0.3,0.3,0.3,0.3,0.3,0.3,0.3,0.3,0.3,
Jamaica,JAM,"Prevalence of HIV, total (% of population ages 15-49)",SH.DYN.AIDS.ZS,,,,,,,,,,,,,,,,,,,,,,,,,,,,,,,0.7,1.1,1.4,1.8,2.1,2.4,2.6,2.8,2.8,2.8,2.8,2.7,2.6,2.5,2.4,2.3,2.3,2.2,2.1,2.1,2.1,2,2,2,1.9,1.9,1.9,1.9,1.9,
Jordan,JOR,"Prevalence of HIV, total (% of population ages 15-49)",SH.DYN.AIDS.ZS,,,,,,,,,,,,,,,,,,,,,,,,,,,,,,,0.1,0.1,0.1,0.1,0.1,0.1,0.1,0.1,0.1,0.1,0.1,0.1,0.1,0.1,0.1,0.1,0.1,0.1,0.1,0.1,0.1,0.1,0.1,0.1,0.1,0.1,0.1,0.1,0.1,
Japan,JPN,"Prevalence of HIV, total (% of population ages 15-49)",SH.DYN.AIDS.ZS,,,,,,,,,,,,,,,,,,,,,,,,,,,,,,,0.1,0.1,0.1,0.1,0.1,0.1,0.1,0.1,0.1,0.1,0.1,0.1,0.1,0.1,0.1,0.1,0.1,0.1,0.1,0.1,0.1,0.1,0.1,0.1,0.1,0.1,0.1,0.1,0.1,
Kazakhstan,KAZ,"Prevalence of HIV, total (% of population ages 15-49)",SH.DYN.AIDS.ZS,,,,,,,,,,,,,,,,,,,,,,,,,,,,,,,0.1,0.1,0.1,0.1,0.1,0.1,0.1,0.1,0.1,0.1,0.1,0.1,0.1,0.1,0.1,0.1,0.1,0.1,0.1,0.1,0.1,0.1,0.1,0.1,0.2,0.2,0.2,0.2,0.2,
Kenya,KEN,"Prevalence of HIV, total (% of population ages 15-49)",SH.DYN.AIDS.ZS,,,,,,,,,,,,,,,,,,,,,,,,,,,,,,,5.6,7,8.4,9.6,10.4,10.9,11,11,10.7,10.3,9.8,9.3,8.8,8.2,7.7,7.3,6.9,6.6,6.4,6.2,6,5.8,5.6,5.5,5.4,5.2,5.1,4.9,4.7,
Kyrgyz Republic,KGZ,"Prevalence of HIV, total (% of population ages 15-49)",SH.DYN.AIDS.ZS,,,,,,,,,,,,,,,,,,,,,,,,,,,,,,,0.1,0.1,0.1,0.1,0.1,0.1,0.1,0.1,0.1,0.1,0.1,0.1,0.1,0.1,0.1,0.1,0.1,0.1,0.1,0.1,0.1,0.1,0.2,0.2,0.2,0.2,0.2,0.2,0.2,
Cambodia,KHM,"Prevalence of HIV, total (% of population ages 15-49)",SH.DYN.AIDS.ZS,,,,,,,,,,,,,,,,,,,,,,,,,,,,,,,0.1,0.1,0.1,0.1,0.2,0.4,0.7,0.9,1.1,1.2,1.2,1.2,1.1,1.1,1,1,1,0.9,0.9,0.8,0.8,0.8,0.7,0.7,0.7,0.6,0.6,0.6,0.5,
Kiribati,KIR,"Prevalence of HIV, total (% of population ages 15-49)",SH.DYN.AIDS.ZS,,,,,,,,,,,,,,,,,,,,,,,,,,,,,,,,,,,,,,,,,,,,,,,,,,,,,,,,,,,,
St. Kitts and Nevis,KNA,"Prevalence of HIV, total (% of population ages 15-49)",SH.DYN.AIDS.ZS,,,,,,,,,,,,,,,,,,,,,,,,,,,,,,,,,,,,,,,,,,,,,,,,,,,,,,,,,,,,
"Korea, Rep.",KOR,"Prevalence of HIV, total (% of population ages 15-49)",SH.DYN.AIDS.ZS,,,,,,,,,,,,,,,,,,,,,,,,,,,,,,,,,,,,,,,,,,,,,,,,,,,,,,,,,,,,
Kuwait,KWT,"Prevalence of HIV, total (% of population ages 15-49)",SH.DYN.AIDS.ZS,,,,,,,,,,,,,,,,,,,,,,,,,,,,,,,0.1,0.1,0.1,0.1,0.1,0.1,0.1,0.1,0.1,0.1,0.1,0.1,0.1,0.1,0.1,0.1,0.1,0.1,0.1,0.1,0.1,0.1,0.1,0.1,0.1,0.1,0.1,0.1,0.1,
Lao PDR,LAO,"Prevalence of HIV, total (% of population ages 15-49)",SH.DYN.AIDS.ZS,,,,,,,,,,,,,,,,,,,,,,,,,,,,,,,0.1,0.1,0.1,0.1,0.1,0.1,0.1,0.1,0.1,0.1,0.1,0.1,0.2,0.2,0.2,0.2,0.2,0.3,0.3,0.3,0.3,0.3,0.3,0.3,0.3,0.3,0.3,0.3,0.3,
Lebanon,LBN,"Prevalence of HIV, total (% of population ages 15-49)",SH.DYN.AIDS.ZS,,,,,,,,,,,,,,,,,,,,,,,,,,,,,,,0.1,0.1,0.1,0.1,0.1,0.1,0.1,0.1,0.1,0.1,0.1,0.1,0.1,0.1,0.1,0.1,0.1,0.1,0.1,0.1,0.1,0.1,0.1,0.1,0.1,0.1,0.1,0.1,0.1,
Liberia,LBR,"Prevalence of HIV, total (% of population ages 15-49)",SH.DYN.AIDS.ZS,,,,,,,,,,,,,,,,,,,,,,,,,,,,,,,1.4,1.8,2.1,2.3,2.5,2.6,2.6,2.6,2.7,2.6,2.6,2.5,2.4,2.3,2.2,2.1,2,1.9,1.8,1.8,1.7,1.7,1.6,1.6,1.5,1.4,1.4,1.3,1.3,
Libya,LBY,"Prevalence of HIV, total (% of population ages 15-49)",SH.DYN.AIDS.ZS,,,,,,,,,,,,,,,,,,,,,,,,,,,,,,,0.1,0.1,0.1,0.1,0.1,0.1,0.1,0.1,0.1,0.1,0.1,0.1,0.1,0.1,0.1,0.1,0.1,0.1,0.1,0.1,0.2,0.2,0.2,0.2,0.2,0.2,0.2,0.2,0.2,
St. Lucia,LCA,"Prevalence of HIV, total (% of population ages 15-49)",SH.DYN.AIDS.ZS,,,,,,,,,,,,,,,,,,,,,,,,,,,,,,,,,,,,,,,,,,,,,,,,,,,,,,,,,,,,
Latin America & Caribbean,LCN,"Prevalence of HIV, total (% of population ages 15-49)",SH.DYN.AIDS.ZS,,,,,,,,,,,,,,,,,,,,,,,,,,,,,,,0.224627381,0.24186348,0.267736799,0.343993986,0.357968989,0.366085684,0.382379645,0.392054611,0.399840481,0.435792147,0.43887182,0.432648017,0.428926896,0.428182474,0.423825167,0.456982356,0.466703034,0.461676527,0.454714933,0.45076743,0.452971508,0.451031487,0.448048013,0.448984876,0.448790263,0.448048572,0.448408325,0.443032591,0.442713894,
Liechtenstein,LIE,"Prevalence of HIV, total (% of population ages 15-49)",SH.DYN.AIDS.ZS,,,,,,,,,,,,,,,,,,,,,,,,,,,,,,,,,,,,,,,,,,,,,,,,,,,,,,,,,,,,
Sri Lanka,LKA,"Prevalence of HIV, total (% of population ages 15-49)",SH.DYN.AIDS.ZS,,,,,,,,,,,,,,,,,,,,,,,,,,,,,,,0.1,0.1,0.1,0.1,0.1,0.1,0.1,0.1,0.1,0.1,0.1,0.1,0.1,0.1,0.1,0.1,0.1,0.1,0.1,0.1,0.1,0.1,0.1,0.1,0.1,0.1,0.1,0.1,0.1,
Lesotho,LSO,"Prevalence of HIV, total (% of population ages 15-49)",SH.DYN.AIDS.ZS,,,,,,,,,,,,,,,,,,,,,,,,,,,,,,,3.2,4.6,6.4,8.5,11.1,13.8,16.4,18.7,20.7,22.2,23.2,23.9,24.1,24.2,24,23.8,23.7,23.6,23.8,23.9,24.1,24.3,24.4,24.5,24.6,24.5,24.3,24,23.6,
Lithuania,LTU,"Prevalence of HIV, total (% of population ages 15-49)",SH.DYN.AIDS.ZS,,,,,,,,,,,,,,,,,,,,,,,,,,,,,,,,,,,,,,,,,,,,,,,,,,,,,,,,,,,,
Luxembourg,LUX,"Prevalence of HIV, total (% of population ages 15-49)",SH.DYN.AIDS.ZS,,,,,,,,,,,,,,,,,,,,,,,,,,,,,,,0.1,0.1,0.1,0.1,0.1,0.1,0.1,0.1,0.1,0.1,0.1,0.1,0.1,0.2,0.2,0.2,0.2,0.2,0.2,0.2,0.2,0.2,0.2,0.2,0.2,0.2,0.3,0.3,0.3,
Latvia,LVA,"Prevalence of HIV, total (% of population ages 15-49)",SH.DYN.AIDS.ZS,,,,,,,,,,,,,,,,,,,,,,,,,,,,,,,0.1,0.1,0.1,0.1,0.1,0.1,0.1,0.1,0.1,0.2,0.2,0.2,0.2,0.2,0.2,0.3,0.3,0.3,0.3,0.3,0.3,0.3,0.4,0.4,0.4,0.4,0.4,0.4,0.4,
"Macao SAR, China",MAC,"Prevalence of HIV, total (% of population ages 15-49)",SH.DYN.AIDS.ZS,,,,,,,,,,,,,,,,,,,,,,,,,,,,,,,,,,,,,,,,,,,,,,,,,,,,,,,,,,,,
St. Martin (French part),MAF,"Prevalence of HIV, total (% of population ages 15-49)",SH.DYN.AIDS.ZS,,,,,,,,,,,,,,,,,,,,,,,,,,,,,,,,,,,,,,,,,,,,,,,,,,,,,,,,,,,,
Morocco,MAR,"Prevalence of HIV, total (% of population ages 15-49)",SH.DYN.AIDS.ZS,,,,,,,,,,,,,,,,,,,,,,,,,,,,,,,0.1,0.1,0.1,0.1,0.1,0.1,0.1,0.1,0.1,0.1,0.1,0.1,0.1,0.1,0.1,0.1,0.1,0.1,0.1,0.1,0.1,0.1,0.1,0.1,0.1,0.1,0.1,0.1,0.1,
Monaco,MCO,"Prevalence of HIV, total (% of population ages 15-49)",SH.DYN.AIDS.ZS,,,,,,,,,,,,,,,,,,,,,,,,,,,,,,,,,,,,,,,,,,,,,,,,,,,,,,,,,,,,
Moldova,MDA,"Prevalence of HIV, total (% of population ages 15-49)",SH.DYN.AIDS.ZS,,,,,,,,,,,,,,,,,,,,,,,,,,,,,,,0.1,0.1,0.1,0.1,0.1,0.1,0.1,0.2,0.3,0.3,0.3,0.4,0.4,0.4,0.4,0.4,0.4,0.5,0.5,0.5,0.5,0.6,0.6,0.6,0.6,0.6,0.6,0.6,0.6,
Madagascar,MDG,"Prevalence of HIV, total (% of population ages 15-49)",SH.DYN.AIDS.ZS,,,,,,,,,,,,,,,,,,,,,,,,,,,,,,,0.1,0.1,0.1,0.1,0.1,0.1,0.1,0.1,0.1,0.2,0.2,0.2,0.2,0.2,0.2,0.2,0.2,0.2,0.2,0.2,0.2,0.2,0.2,0.2,0.2,0.2,0.2,0.3,0.3,
Maldives,MDV,"Prevalence of HIV, total (% of population ages 15-49)",SH.DYN.AIDS.ZS,,,,,,,,,,,,,,,,,,,,,,,,,,,,,,,,,,,,,,,,,,,,,,,,,,,,,,,,,,,,
Middle East & North Africa,MEA,"Prevalence of HIV, total (% of population ages 15-49)",SH.DYN.AIDS.ZS,,,,,,,,,,,,,,,,,,,,,,,,,,,,,,,0.1,0.100274322,0.100819474,0.101339729,0.101840704,0.102567219,0.103068827,0.103830795,0.104599875,0.105125157,0.105404592,0.10565291,0.10565545,0.105664537,0.105415452,0.105165188,0.104947437,0.104721906,0.104492609,0.104260754,0.106170162,0.105896443,0.105620665,0.105344115,0.106856804,0.109081148,0.108889837,0.108970647,0.109040881,
Mexico,MEX,"Prevalence of HIV, total (% of population ages 15-49)",SH.DYN.AIDS.ZS,,,,,,,,,,,,,,,,,,,,,,,,,,,,,,,0.1,0.1,0.1,0.2,0.2,0.2,0.2,0.2,0.2,0.2,0.2,0.2,0.2,0.2,0.2,0.2,0.2,0.2,0.2,0.2,0.2,0.2,0.2,0.2,0.2,0.2,0.2,0.2,0.2,
Marshall Islands,MHL,"Prevalence of HIV, total (% of population ages 15-49)",SH.DYN.AIDS.ZS,,,,,,,,,,,,,,,,,,,,,,,,,,,,,,,,,,,,,,,,,,,,,,,,,,,,,,,,,,,,
Middle income,MIC,"Prevalence of HIV, total (% of population ages 15-49)",SH.DYN.AIDS.ZS,,,,,,,,,,,,,,,,,,,,,,,,,,,,,,,,,,,,,,,,,,,,,,,,,,,,,,,,,,,,
North Macedonia,MKD,"Prevalence of HIV, total (% of population ages 15-49)",SH.DYN.AIDS.ZS,,,,,,,,,,,,,,,,,,,,,,,,,,,,,,,0.1,0.1,0.1,0.1,0.1,0.1,0.1,0.1,0.1,0.1,0.1,0.1,0.1,0.1,0.1,0.1,0.1,0.1,0.1,0.1,0.1,0.1,0.1,0.1,0.1,0.1,0.1,0.1,0.1,
Mali,MLI,"Prevalence of HIV, total (% of population ages 15-49)",SH.DYN.AIDS.ZS,,,,,,,,,,,,,,,,,,,,,,,,,,,,,,,1.1,1.3,1.5,1.6,1.7,1.8,1.9,1.9,1.9,1.8,1.8,1.7,1.7,1.6,1.5,1.5,1.4,1.4,1.4,1.4,1.4,1.4,1.4,1.4,1.3,1.3,1.3,1.3,1.4,
Malta,MLT,"Prevalence of HIV, total (% of population ages 15-49)",SH.DYN.AIDS.ZS,,,,,,,,,,,,,,,,,,,,,,,,,,,,,,,,,,,,,,,,,,,,,,,,,,,,,,,,,,,,
Myanmar,MMR,"Prevalence of HIV, total (% of population ages 15-49)",SH.DYN.AIDS.ZS,,,,,,,,,,,,,,,,,,,,,,,,,,,,,,,0.1,0.1,0.2,0.3,0.3,0.3,0.4,0.4,0.5,0.5,0.6,0.6,0.7,0.7,0.7,0.8,0.8,0.8,0.8,0.8,0.8,0.8,0.8,0.8,0.8,0.8,0.8,0.8,0.8,
Montenegro,MNE,"Prevalence of HIV, total (% of population ages 15-49)",SH.DYN.AIDS.ZS,,,,,,,,,,,,,,,,,,,,,,,,,,,,,,,0.1,0.1,0.1,0.1,0.1,0.1,0.1,0.1,0.1,0.1,0.1,0.1,0.1,0.1,0.1,0.1,0.1,0.1,0.1,0.1,0.1,0.1,0.1,0.1,0.1,0.1,0.1,0.1,0.1,
Mongolia,MNG,"Prevalence of HIV, total (% of population ages 15-49)",SH.DYN.AIDS.ZS,,,,,,,,,,,,,,,,,,,,,,,,,,,,,,,0.1,0.1,0.1,0.1,0.1,0.1,0.1,0.1,0.1,0.1,0.1,0.1,0.1,0.1,0.1,0.1,0.1,0.1,0.1,0.1,0.1,0.1,0.1,0.1,0.1,0.1,0.1,0.1,0.1,
Northern Mariana Islands,MNP,"Prevalence of HIV, total (% of population ages 15-49)",SH.DYN.AIDS.ZS,,,,,,,,,,,,,,,,,,,,,,,,,,,,,,,,,,,,,,,,,,,,,,,,,,,,,,,,,,,,
Mozambique,MOZ,"Prevalence of HIV, total (% of population ages 15-49)",SH.DYN.AIDS.ZS,,,,,,,,,,,,,,,,,,,,,,,,,,,,,,,1.5,1.9,2.4,3.1,3.8,4.6,5.4,6.3,7.2,8,8.8,9.5,10.1,10.5,10.9,11.1,11.3,11.5,11.6,11.8,12,12.1,12.2,12.3,12.4,12.5,12.5,12.6,12.6,
Mauritania,MRT,"Prevalence of HIV, total (% of population ages 15-49)",SH.DYN.AIDS.ZS,,,,,,,,,,,,,,,,,,,,,,,,,,,,,,,0.1,0.1,0.1,0.1,0.2,0.2,0.3,0.3,0.4,0.4,0.4,0.5,0.5,0.5,0.5,0.5,0.5,0.4,0.4,0.4,0.4,0.4,0.3,0.3,0.3,0.3,0.2,0.2,0.2,
Mauritius,MUS,"Prevalence of HIV, total (% of population ages 15-49)",SH.DYN.AIDS.ZS,,,,,,,,,,,,,,,,,,,,,,,,,,,,,,,0.1,0.1,0.1,0.1,0.1,0.1,0.1,0.2,0.2,0.3,0.4,0.6,0.7,0.8,0.9,1,1.1,1.2,1.2,1.3,1.3,1.3,1.3,1.3,1.3,1.3,1.3,1.3,1.3,
Malawi,MWI,"Prevalence of HIV, total (% of population ages 15-49)",SH.DYN.AIDS.ZS,,,,,,,,,,,,,,,,,,,,,,,,,,,,,,,8.1,9.5,10.8,12,12.9,13.7,14.2,14.5,14.6,14.6,14.4,14.1,13.7,13.2,12.7,12.2,11.7,11.3,11,10.8,10.6,10.5,10.3,10.2,10,9.8,9.7,9.4,9.2,
Malaysia,MYS,"Prevalence of HIV, total (% of population ages 15-49)",SH.DYN.AIDS.ZS,,,,,,,,,,,,,,,,,,,,,,,,,,,,,,,0.1,0.2,0.2,0.3,0.3,0.4,0.4,0.4,0.4,0.4,0.4,0.4,0.4,0.4,0.4,0.4,0.4,0.4,0.4,0.4,0.4,0.4,0.4,0.4,0.4,0.4,0.4,0.4,0.4,
North America,NAC,"Prevalence of HIV, total (% of population ages 15-49)",SH.DYN.AIDS.ZS,,,,,,,,,,,,,,,,,,,,,,,,,,,,,,,,,,,,,,,,,,,,,,,,,,,0.4,0.4,0.4,0.4,0.4,0.4,0.4,,,
Namibia,NAM,"Prevalence of HIV, total (% of population ages 15-49)",SH.DYN.AIDS.ZS,,,,,,,,,,,,,,,,,,,,,,,,,,,,,,,1.9,2.7,3.8,5.1,6.7,8.4,10.1,11.5,12.7,13.5,14,14.3,14.3,14.2,14,13.8,13.7,13.6,13.5,13.4,13.4,13.2,13.1,13,12.8,12.6,12.3,12.1,11.8,
New Caledonia,NCL,"Prevalence of HIV, total (% of population ages 15-49)",SH.DYN.AIDS.ZS,,,,,,,,,,,,,,,,,,,,,,,,,,,,,,,,,,,,,,,,,,,,,,,,,,,,,,,,,,,,
Niger,NER,"Prevalence of HIV, total (% of population ages 15-49)",SH.DYN.AIDS.ZS,,,,,,,,,,,,,,,,,,,,,,,,,,,,,,,0.2,0.3,0.3,0.4,0.4,0.5,0.5,0.6,0.6,0.6,0.6,0.6,0.6,0.6,0.6,0.6,0.5,0.5,0.5,0.4,0.4,0.4,0.4,0.4,0.4,0.3,0.3,0.3,0.3,
Nigeria,NGA,"Prevalence of HIV, total (% of population ages 15-49)",SH.DYN.AIDS.ZS,,,,,,,,,,,,,,,,,,,,,,,,,,,,,,,0.7,0.9,1,1.2,1.3,1.4,1.5,1.6,1.7,1.7,1.8,1.8,1.7,1.7,1.7,1.7,1.6,1.6,1.6,1.6,1.6,1.6,1.6,1.6,1.6,1.6,1.5,1.5,1.5,
Nicaragua,NIC,"Prevalence of HIV, total (% of population ages 15-49)",SH.DYN.AIDS.ZS,,,,,,,,,,,,,,,,,,,,,,,,,,,,,,,0.1,0.1,0.1,0.1,0.1,0.1,0.1,0.1,0.1,0.1,0.1,0.2,0.2,0.2,0.2,0.2,0.2,0.2,0.2,0.2,0.2,0.2,0.2,0.2,0.2,0.2,0.2,0.2,0.2,
Netherlands,NLD,"Prevalence of HIV, total (% of population ages 15-49)",SH.DYN.AIDS.ZS,,,,,,,,,,,,,,,,,,,,,,,,,,,,,,,0.1,0.1,0.1,0.1,0.1,0.1,0.1,0.1,0.1,0.1,0.1,0.1,0.1,0.1,0.1,0.2,0.2,0.2,0.2,0.2,0.2,0.2,0.2,0.2,0.2,0.2,0.2,0.2,,
Norway,NOR,"Prevalence of HIV, total (% of population ages 15-49)",SH.DYN.AIDS.ZS,,,,,,,,,,,,,,,,,,,,,,,,,,,,,,,0.1,0.1,0.1,0.1,0.1,0.1,0.1,0.1,0.1,0.1,0.1,0.1,0.1,0.1,0.1,0.1,0.1,0.1,0.1,0.1,0.1,0.1,0.1,0.1,0.1,0.1,0.1,0.1,0.1,
Nepal,NPL,"Prevalence of HIV, total (% of population ages 15-49)",SH.DYN.AIDS.ZS,,,,,,,,,,,,,,,,,,,,,,,,,,,,,,,0.1,0.1,0.1,0.1,0.1,0.1,0.1,0.1,0.1,0.1,0.1,0.2,0.2,0.2,0.2,0.2,0.2,0.2,0.2,0.2,0.2,0.2,0.2,0.2,0.2,0.2,0.2,0.1,0.1,
Nauru,NRU,"Prevalence of HIV, total (% of population ages 15-49)",SH.DYN.AIDS.ZS,,,,,,,,,,,,,,,,,,,,,,,,,,,,,,,,,,,,,,,,,,,,,,,,,,,,,,,,,,,,
New Zealand,NZL,"Prevalence of HIV, total (% of population ages 15-49)",SH.DYN.AIDS.ZS,,,,,,,,,,,,,,,,,,,,,,,,,,,,,,,0.1,0.1,0.1,0.1,0.1,0.1,0.1,0.1,0.1,0.1,0.1,0.1,0.1,0.1,0.1,0.1,0.1,0.1,0.1,0.1,0.1,0.1,0.1,0.1,0.1,0.1,0.1,0.1,0.1,
Oman,OMN,"Prevalence of HIV, total (% of population ages 15-49)",SH.DYN.AIDS.ZS,,,,,,,,,,,,,,,,,,,,,,,,,,,,,,,0.1,0.1,0.1,0.1,0.1,0.1,0.1,0.1,0.1,0.1,0.1,0.1,0.1,0.1,0.1,0.1,0.1,0.1,0.1,0.1,0.1,0.1,0.1,0.1,0.2,0.2,0.2,0.2,0.2,
Pakistan,PAK,"Prevalence of HIV, total (% of population ages 15-49)",SH.DYN.AIDS.ZS,,,,,,,,,,,,,,,,,,,,,,,,,,,,,,,0.1,0.1,0.1,0.1,0.1,0.1,0.1,0.1,0.1,0.1,0.1,0.1,0.1,0.1,0.1,0.1,0.1,0.1,0.1,0.1,0.1,0.1,0.1,0.1,0.1,0.1,0.1,0.1,0.1,
Panama,PAN,"Prevalence of HIV, total (% of population ages 15-49)",SH.DYN.AIDS.ZS,,,,,,,,,,,,,,,,,,,,,,,,,,,,,,,0.2,0.3,0.3,0.4,0.4,0.5,0.5,0.5,0.6,0.6,0.6,0.7,0.7,0.7,0.7,0.8,0.8,0.8,0.8,0.8,0.8,0.9,0.9,0.9,0.9,0.9,0.9,0.9,0.9,
Peru,PER,"Prevalence of HIV, total (% of population ages 15-49)",SH.DYN.AIDS.ZS,,,,,,,,,,,,,,,,,,,,,,,,,,,,,,,0.3,0.4,0.4,0.5,0.5,0.5,0.5,0.5,0.5,0.5,0.5,0.4,0.4,0.4,0.4,0.4,0.4,0.4,0.3,0.3,0.3,0.3,0.3,0.3,0.3,0.3,0.3,0.3,0.3,
Philippines,PHL,"Prevalence of HIV, total (% of population ages 15-49)",SH.DYN.AIDS.ZS,,,,,,,,,,,,,,,,,,,,,,,,,,,,,,,0.1,0.1,0.1,0.1,0.1,0.1,0.1,0.1,0.1,0.1,0.1,0.1,0.1,0.1,0.1,0.1,0.1,0.1,0.1,0.1,0.1,0.1,0.1,0.1,0.1,0.1,0.1,0.1,0.1,
Palau,PLW,"Prevalence of HIV, total (% of population ages 15-49)",SH.DYN.AIDS.ZS,,,,,,,,,,,,,,,,,,,,,,,,,,,,,,,,,,,,,,,,,,,,,,,,,,,,,,,,,,,,
Papua New Guinea,PNG,"Prevalence of HIV, total (% of population ages 15-49)",SH.DYN.AIDS.ZS,,,,,,,,,,,,,,,,,,,,,,,,,,,,,,,0.1,0.1,0.1,0.1,0.2,0.2,0.3,0.4,0.4,0.5,0.6,0.7,0.9,1,1,1,1,0.9,0.9,0.9,0.8,0.8,0.8,0.8,0.8,0.8,0.8,0.8,0.8,
Poland,POL,"Prevalence of HIV, total (% of population ages 15-49)",SH.DYN.AIDS.ZS,,,,,,,,,,,,,,,,,,,,,,,,,,,,,,,,,,,,,,,,,,,,,,,,,,,,,,,,,,,,
Puerto Rico,PRI,"Prevalence of HIV, total (% of population ages 15-49)",SH.DYN.AIDS.ZS,,,,,,,,,,,,,,,,,,,,,,,,,,,,,,,,,,,,,,,,,,,,,,,,,,,,,,,,,,,,
"Korea, Dem. People’s Rep.",PRK,"Prevalence of HIV, total (% of population ages 15-49)",SH.DYN.AIDS.ZS,,,,,,,,,,,,,,,,,,,,,,,,,,,,,,,,,,,,,,,,,,,,,,,,,,,,,,,,,,,,
Portugal,PRT,"Prevalence of HIV, total (% of population ages 15-49)",SH.DYN.AIDS.ZS,,,,,,,,,,,,,,,,,,,,,,,,,,,,,,,0.1,0.2,0.2,0.3,0.3,0.4,0.4,0.5,0.5,0.5,0.5,0.5,0.5,0.6,0.6,0.6,0.6,0.6,0.6,0.6,0.6,0.6,0.6,0.6,0.5,0.5,0.5,0.5,0.5,
Paraguay,PRY,"Prevalence of HIV, total (% of population ages 15-49)",SH.DYN.AIDS.ZS,,,,,,,,,,,,,,,,,,,,,,,,,,,,,,,0.1,0.1,0.1,0.1,0.1,0.2,0.3,0.3,0.4,0.5,0.5,0.5,0.6,0.6,0.6,0.6,0.6,0.6,0.6,0.5,0.5,0.5,0.5,0.5,0.5,0.5,0.5,0.5,0.5,
West Bank and Gaza,PSE,"Prevalence of HIV, total (% of population ages 15-49)",SH.DYN.AIDS.ZS,,,,,,,,,,,,,,,,,,,,,,,,,,,,,,,,,,,,,,,,,,,,,,,,,,,,,,,,,,,,
French Polynesia,PYF,"Prevalence of HIV, total (% of population ages 15-49)",SH.DYN.AIDS.ZS,,,,,,,,,,,,,,,,,,,,,,,,,,,,,,,,,,,,,,,,,,,,,,,,,,,,,,,,,,,,
Qatar,QAT,"Prevalence of HIV, total (% of population ages 15-49)",SH.DYN.AIDS.ZS,,,,,,,,,,,,,,,,,,,,,,,,,,,,,,,,,,,,,,,,,,,,,,,,,,,,,,,,,,,,
Romania,ROU,"Prevalence of HIV, total (% of population ages 15-49)",SH.DYN.AIDS.ZS,,,,,,,,,,,,,,,,,,,,,,,,,,,,,,,0.1,0.1,0.1,0.1,0.1,0.1,0.1,0.1,0.1,0.1,0.1,0.1,0.1,0.1,0.1,0.1,0.1,0.1,0.1,0.1,0.1,0.1,0.1,0.1,0.1,0.1,0.1,0.1,0.1,
Russian Federation,RUS,"Prevalence of HIV, total (% of population ages 15-49)",SH.DYN.AIDS.ZS,,,,,,,,,,,,,,,,,,,,,,,,,,,,,,,,,,,,,,,,,,,,,,,,,,,,,,,,,,,,
Rwanda,RWA,"Prevalence of HIV, total (% of population ages 15-49)",SH.DYN.AIDS.ZS,,,,,,,,,,,,,,,,,,,,,,,,,,,,,,,4.4,4.9,5.4,5.7,5.9,6,5.9,5.8,5.7,5.4,5.2,4.9,4.6,4.3,4,3.8,3.6,3.5,3.5,3.4,3.3,3.3,3.2,3.1,3,2.9,2.7,2.6,2.5,
Saudi Arabia,SAU,"Prevalence of HIV, total (% of population ages 15-49)",SH.DYN.AIDS.ZS,,,,,,,,,,,,,,,,,,,,,,,,,,,,,,,,,,,,,,,,,,,,,,,,,,,,,,,,,,,,
Sudan,SDN,"Prevalence of HIV, total (% of population ages 15-49)",SH.DYN.AIDS.ZS,,,,,,,,,,,,,,,,,,,,,,,,,,,,,,,0.1,0.1,0.1,0.1,0.1,0.1,0.1,0.1,0.1,0.1,0.1,0.1,0.1,0.1,0.2,0.2,0.2,0.2,0.2,0.2,0.2,0.2,0.2,0.2,0.2,0.2,0.2,0.2,0.2,
Senegal,SEN,"Prevalence of HIV, total (% of population ages 15-49)",SH.DYN.AIDS.ZS,,,,,,,,,,,,,,,,,,,,,,,,,,,,,,,0.2,0.2,0.2,0.3,0.3,0.4,0.4,0.5,0.5,0.6,0.6,0.6,0.7,0.7,0.7,0.7,0.6,0.6,0.6,0.6,0.6,0.6,0.5,0.5,0.5,0.5,0.4,0.4,0.4,
Singapore,SGP,"Prevalence of HIV, total (% of population ages 15-49)",SH.DYN.AIDS.ZS,,,,,,,,,,,,,,,,,,,,,,,,,,,,,,,0.1,0.1,0.1,0.1,0.1,0.1,0.1,0.1,0.1,0.1,0.1,0.1,0.2,0.2,0.2,0.2,0.2,0.2,0.2,0.2,0.3,0.3,0.3,0.3,0.3,0.3,0.3,0.3,0.2,
Solomon Islands,SLB,"Prevalence of HIV, total (% of population ages 15-49)",SH.DYN.AIDS.ZS,,,,,,,,,,,,,,,,,,,,,,,,,,,,,,,,,,,,,,,,,,,,,,,,,,,,,,,,,,,,
Sierra Leone,SLE,"Prevalence of HIV, total (% of population ages 15-49)",SH.DYN.AIDS.ZS,,,,,,,,,,,,,,,,,,,,,,,,,,,,,,,0.6,0.7,0.9,1,1.1,1.2,1.3,1.4,1.5,1.5,1.5,1.6,1.6,1.6,1.6,1.5,1.5,1.5,1.5,1.5,1.5,1.5,1.5,1.5,1.5,1.5,1.5,1.5,1.5,
El Salvador,SLV,"Prevalence of HIV, total (% of population ages 15-49)",SH.DYN.AIDS.ZS,,,,,,,,,,,,,,,,,,,,,,,,,,,,,,,0.2,0.2,0.2,0.3,0.3,0.4,0.4,0.5,0.5,0.6,0.6,0.6,0.7,0.7,0.7,0.7,0.7,0.7,0.7,0.7,0.7,0.7,0.7,0.7,0.7,0.6,0.6,0.6,0.6,
San Marino,SMR,"Prevalence of HIV, total (% of population ages 15-49)",SH.DYN.AIDS.ZS,,,,,,,,,,,,,,,,,,,,,,,,,,,,,,,,,,,,,,,,,,,,,,,,,,,,,,,,,,,,
Somalia,SOM,"Prevalence of HIV, total (% of population ages 15-49)",SH.DYN.AIDS.ZS,,,,,,,,,,,,,,,,,,,,,,,,,,,,,,,0.1,0.1,0.1,0.1,0.2,0.2,0.2,0.3,0.3,0.3,0.4,0.4,0.4,0.4,0.4,0.4,0.4,0.3,0.3,0.3,0.3,0.2,0.2,0.2,0.2,0.2,0.1,0.1,0.1,
Serbia,SRB,"Prevalence of HIV, total (% of population ages 15-49)",SH.DYN.AIDS.ZS,,,,,,,,,,,,,,,,,,,,,,,,,,,,,,,0.1,0.1,0.1,0.1,0.1,0.1,0.1,0.1,0.1,0.1,0.1,0.1,0.1,0.1,0.1,0.1,0.1,0.1,0.1,0.1,0.1,0.1,0.1,0.1,0.1,0.1,0.1,0.1,0.1,
South Sudan,SSD,"Prevalence of HIV, total (% of population ages 15-49)",SH.DYN.AIDS.ZS,,,,,,,,,,,,,,,,,,,,,,,,,,,,,,,0.7,0.9,1.1,1.3,1.5,1.7,1.9,2.1,2.2,2.4,2.5,2.5,2.6,2.6,2.6,2.5,2.5,2.5,2.5,2.4,2.4,2.4,2.4,2.4,2.4,2.4,2.4,2.5,2.5,
Sao Tome and Principe,STP,"Prevalence of HIV, total (% of population ages 15-49)",SH.DYN.AIDS.ZS,,,,,,,,,,,,,,,,,,,,,,,,,,,,,,,,,,,,,,,,,,,,,,,,,,,,,,,,,,,,
Suriname,SUR,"Prevalence of HIV, total (% of population ages 15-49)",SH.DYN.AIDS.ZS,,,,,,,,,,,,,,,,,,,,,,,,,,,,,,,0.2,0.2,0.3,0.4,0.5,0.6,0.7,0.8,0.9,1,1.1,1.2,1.2,1.3,1.3,1.3,1.3,1.3,1.4,1.4,1.4,1.4,1.4,1.4,1.4,1.4,1.4,1.4,1.4,
Slovak Republic,SVK,"Prevalence of HIV, total (% of population ages 15-49)",SH.DYN.AIDS.ZS,,,,,,,,,,,,,,,,,,,,,,,,,,,,,,,0.1,0.1,0.1,0.1,0.1,0.1,0.1,0.1,0.1,0.1,0.1,0.1,0.1,0.1,0.1,0.1,0.1,0.1,0.1,0.1,0.1,0.1,0.1,0.1,0.1,0.1,0.1,0.1,0.1,
Slovenia,SVN,"Prevalence of HIV, total (% of population ages 15-49)",SH.DYN.AIDS.ZS,,,,,,,,,,,,,,,,,,,,,,,,,,,,,,,0.1,0.1,0.1,0.1,0.1,0.1,0.1,0.1,0.1,0.1,0.1,0.1,0.1,0.1,0.1,0.1,0.1,0.1,0.1,0.1,0.1,0.1,0.1,0.1,0.1,0.1,0.1,0.1,0.1,
Sweden,SWE,"Prevalence of HIV, total (% of population ages 15-49)",SH.DYN.AIDS.ZS,,,,,,,,,,,,,,,,,,,,,,,,,,,,,,,,,,,,,,,,,,,,,,,,,,,,,,,,,,,,
Eswatini,SWZ,"Prevalence of HIV, total (% of population ages 15-49)",SH.DYN.AIDS.ZS,,,,,,,,,,,,,,,,,,,,,,,,,,,,,,,1.2,2.5,4.6,7.5,11,14.5,17.6,20.2,22.2,23.6,24.6,25.3,25.8,26.1,26.2,26.3,26.4,26.6,26.8,27.1,27.4,27.6,27.8,28,28.2,28.1,28,27.7,27.3,
Sint Maarten (Dutch part),SXM,"Prevalence of HIV, total (% of population ages 15-49)",SH.DYN.AIDS.ZS,,,,,,,,,,,,,,,,,,,,,,,,,,,,,,,,,,,,,,,,,,,,,,,,,,,,,,,,,,,,
Seychelles,SYC,"Prevalence of HIV, total (% of population ages 15-49)",SH.DYN.AIDS.ZS,,,,,,,,,,,,,,,,,,,,,,,,,,,,,,,,,,,,,,,,,,,,,,,,,,,,,,,,,,,,
Syrian Arab Republic,SYR,"Prevalence of HIV, total (% of population ages 15-49)",SH.DYN.AIDS.ZS,,,,,,,,,,,,,,,,,,,,,,,,,,,,,,,0.1,0.1,0.1,0.1,0.1,0.1,0.1,0.1,0.1,0.1,0.1,0.1,0.1,0.1,0.1,0.1,0.1,0.1,0.1,0.1,0.1,0.1,0.1,0.1,0.1,0.1,0.1,0.1,0.1,
Turks and Caicos Islands,TCA,"Prevalence of HIV, total (% of population ages 15-49)",SH.DYN.AIDS.ZS,,,,,,,,,,,,,,,,,,,,,,,,,,,,,,,,,,,,,,,,,,,,,,,,,,,,,,,,,,,,
Chad,TCD,"Prevalence of HIV, total (% of population ages 15-49)",SH.DYN.AIDS.ZS,,,,,,,,,,,,,,,,,,,,,,,,,,,,,,,0.9,1.1,1.3,1.4,1.6,1.6,1.7,1.8,1.8,1.8,1.8,1.7,1.7,1.6,1.6,1.5,1.5,1.5,1.5,1.5,1.5,1.5,1.4,1.4,1.4,1.4,1.4,1.3,1.3,
Togo,TGO,"Prevalence of HIV, total (% of population ages 15-49)",SH.DYN.AIDS.ZS,,,,,,,,,,,,,,,,,,,,,,,,,,,,,,,1.1,1.4,1.8,2.1,2.5,2.9,3.1,3.4,3.5,3.6,3.6,3.5,3.5,3.5,3.4,3.3,3.2,3.1,3,2.9,2.9,2.8,2.7,2.7,2.6,2.5,2.4,2.4,2.3,
Thailand,THA,"Prevalence of HIV, total (% of population ages 15-49)",SH.DYN.AIDS.ZS,,,,,,,,,,,,,,,,,,,,,,,,,,,,,,,0.6,1.1,1.5,1.8,2,2.1,2.1,2.1,2.1,2.1,2,1.9,1.8,1.8,1.7,1.6,1.6,1.6,1.5,1.5,1.5,1.4,1.4,1.4,1.3,1.3,1.2,1.2,1.1,
Tajikistan,TJK,"Prevalence of HIV, total (% of population ages 15-49)",SH.DYN.AIDS.ZS,,,,,,,,,,,,,,,,,,,,,,,,,,,,,,,0.1,0.1,0.1,0.1,0.1,0.1,0.1,0.1,0.1,0.1,0.1,0.1,0.1,0.1,0.1,0.1,0.1,0.2,0.2,0.2,0.2,0.2,0.2,0.2,0.2,0.2,0.2,0.2,0.2,
Turkmenistan,TKM,"Prevalence of HIV, total (% of population ages 15-49)",SH.DYN.AIDS.ZS,,,,,,,,,,,,,,,,,,,,,,,,,,,,,,,,,,,,,,,,,,,,,,,,,,,,,,,,,,,,
Timor-Leste,TLS,"Prevalence of HIV, total (% of population ages 15-49)",SH.DYN.AIDS.ZS,,,,,,,,,,,,,,,,,,,,,,,,,,,,,,,,,,,,,,,,,,,,,,,,,,,,,,,,,,,,
Tonga,TON,"Prevalence of HIV, total (% of population ages 15-49)",SH.DYN.AIDS.ZS,,,,,,,,,,,,,,,,,,,,,,,,,,,,,,,,,,,,,,,,,,,,,,,,,,,,,,,,,,,,
Trinidad and Tobago,TTO,"Prevalence of HIV, total (% of population ages 15-49)",SH.DYN.AIDS.ZS,,,,,,,,,,,,,,,,,,,,,,,,,,,,,,,,,,,,,,,,,,,,,,,,,,,,,,,,,,,,
Tunisia,TUN,"Prevalence of HIV, total (% of population ages 15-49)",SH.DYN.AIDS.ZS,,,,,,,,,,,,,,,,,,,,,,,,,,,,,,,0.1,0.1,0.1,0.1,0.1,0.1,0.1,0.1,0.1,0.1,0.1,0.1,0.1,0.1,0.1,0.1,0.1,0.1,0.1,0.1,0.1,0.1,0.1,0.1,0.1,0.1,0.1,0.1,0.1,
Turkey,TUR,"Prevalence of HIV, total (% of population ages 15-49)",SH.DYN.AIDS.ZS,,,,,,,,,,,,,,,,,,,,,,,,,,,,,,,,,,,,,,,,,,,,,,,,,,,,,,,,,,,,
Tuvalu,TUV,"Prevalence of HIV, total (% of population ages 15-49)",SH.DYN.AIDS.ZS,,,,,,,,,,,,,,,,,,,,,,,,,,,,,,,,,,,,,,,,,,,,,,,,,,,,,,,,,,,,
Tanzania,TZA,"Prevalence of HIV, total (% of population ages 15-49)",SH.DYN.AIDS.ZS,,,,,,,,,,,,,,,,,,,,,,,,,,,,,,,3.7,4.3,4.9,5.4,5.8,6.1,6.3,6.4,6.4,6.4,6.3,6.2,6,5.8,5.6,5.4,5.3,5.2,5.1,5.1,5,5,4.9,4.9,4.9,4.8,4.8,4.7,4.6,
Uganda,UGA,"Prevalence of HIV, total (% of population ages 15-49)",SH.DYN.AIDS.ZS,,,,,,,,,,,,,,,,,,,,,,,,,,,,,,,10.3,10.4,10.3,10.2,10,9.7,9.4,9.1,8.9,8.6,8.3,8,7.8,7.6,7.4,7.3,7.2,7.1,7,6.9,6.8,6.8,6.6,6.5,6.4,6.2,6.1,5.9,5.7,
Ukraine,UKR,"Prevalence of HIV, total (% of population ages 15-49)",SH.DYN.AIDS.ZS,,,,,,,,,,,,,,,,,,,,,,,,,,,,,,,0.1,0.1,0.1,0.1,0.1,0.2,0.3,0.4,0.5,0.6,0.6,0.7,0.8,0.8,0.8,0.9,0.9,0.9,0.9,0.9,0.9,0.9,0.9,0.9,0.9,0.9,0.9,0.9,1,
Uruguay,URY,"Prevalence of HIV, total (% of population ages 15-49)",SH.DYN.AIDS.ZS,,,,,,,,,,,,,,,,,,,,,,,,,,,,,,,0.1,0.1,0.2,0.2,0.2,0.2,0.2,0.3,0.3,0.3,0.3,0.3,0.3,0.4,0.4,0.4,0.4,0.4,0.4,0.4,0.5,0.5,0.5,0.5,0.5,0.5,0.6,0.6,0.6,
United States,USA,"Prevalence of HIV, total (% of population ages 15-49)",SH.DYN.AIDS.ZS,,,,,,,,,,,,,,,,,,,,,,,,,,,,,,,,,,,,,,,,,,,,,,,,,,,0.4,0.4,0.4,0.4,0.4,0.4,0.4,,,
Uzbekistan,UZB,"Prevalence of HIV, total (% of population ages 15-49)",SH.DYN.AIDS.ZS,,,,,,,,,,,,,,,,,,,,,,,,,,,,,,,0.1,0.1,0.1,0.1,0.1,0.1,0.1,0.1,0.1,0.1,0.1,0.1,0.1,0.1,0.1,0.1,0.1,0.1,0.1,0.1,0.1,0.2,0.2,0.2,0.2,0.2,0.2,0.2,0.2,
St. Vincent and the Grenadines,VCT,"Prevalence of HIV, total (% of population ages 15-49)",SH.DYN.AIDS.ZS,,,,,,,,,,,,,,,,,,,,,,,,,,,,,,,,,,,,,,,,,,,,,,,,,,,,,,,,,,,,
"Venezuela, RB",VEN,"Prevalence of HIV, total (% of population ages 15-49)",SH.DYN.AIDS.ZS,,,,,,,,,,,,,,,,,,,,,,,,,,,,,,,,,,,,,,,,,,,,,,,,,,,,,,,,,,,,
British Virgin Islands,VGB,"Prevalence of HIV, total (% of population ages 15-49)",SH.DYN.AIDS.ZS,,,,,,,,,,,,,,,,,,,,,,,,,,,,,,,,,,,,,,,,,,,,,,,,,,,,,,,,,,,,
Virgin Islands (U.S.),VIR,"Prevalence of HIV, total (% of population ages 15-49)",SH.DYN.AIDS.ZS,,,,,,,,,,,,,,,,,,,,,,,,,,,,,,,,,,,,,,,,,,,,,,,,,,,,,,,,,,,,
Vietnam,VNM,"Prevalence of HIV, total (% of population ages 15-49)",SH.DYN.AIDS.ZS,,,,,,,,,,,,,,,,,,,,,,,,,,,,,,,0.1,0.1,0.1,0.1,0.1,0.1,0.1,0.2,0.2,0.2,0.3,0.3,0.3,0.3,0.3,0.3,0.4,0.4,0.4,0.4,0.4,0.4,0.4,0.4,0.4,0.3,0.3,0.3,0.3,
Vanuatu,VUT,"Prevalence of HIV, total (% of population ages 15-49)",SH.DYN.AIDS.ZS,,,,,,,,,,,,,,,,,,,,,,,,,,,,,,,,,,,,,,,,,,,,,,,,,,,,,,,,,,,,
World,WLD,"Prevalence of HIV, total (% of population ages 15-49)",SH.DYN.AIDS.ZS,,,,,,,,,,,,,,,,,,,,,,,,,,,,,,,0.3,0.3,0.4,0.4,0.5,0.5,0.5,0.6,0.6,0.6,0.7,0.7,0.7,0.7,0.7,0.7,0.7,0.7,0.7,0.7,0.7,0.7,0.7,0.7,0.7,0.7,0.7,0.8,0.8,
Samoa,WSM,"Prevalence of HIV, total (% of population ages 15-49)",SH.DYN.AIDS.ZS,,,,,,,,,,,,,,,,,,,,,,,,,,,,,,,,,,,,,,,,,,,,,,,,,,,,,,,,,,,,
Kosovo,XKX,"Prevalence of HIV, total (% of population ages 15-49)",SH.DYN.AIDS.ZS,,,,,,,,,,,,,,,,,,,,,,,,,,,,,,,,,,,,,,,,,,,,,,,,,,,,,,,,,,,,
"Yemen, Rep.",YEM,"Prevalence of HIV, total (% of population ages 15-49)",SH.DYN.AIDS.ZS,,,,,,,,,,,,,,,,,,,,,,,,,,,,,,,0.1,0.1,0.1,0.1,0.1,0.1,0.1,0.1,0.1,0.1,0.1,0.1,0.1,0.1,0.1,0.1,0.1,0.1,0.1,0.1,0.1,0.1,0.1,0.1,0.1,0.1,0.1,0.1,0.1,
South Africa,ZAF,"Prevalence of HIV, total (% of population ages 15-49)",SH.DYN.AIDS.ZS,,,,,,,,,,,,,,,,,,,,,,,,,,,,,,,0.4,0.7,1.2,2,3.1,4.5,6.2,8,9.7,11.3,12.6,13.8,14.7,15.5,16.2,16.8,17.3,17.7,18.1,18.5,18.9,19.3,19.6,19.9,20.1,20.3,20.4,20.5,20.4,
Zambia,ZMB,"Prevalence of HIV, total (% of population ages 15-49)",SH.DYN.AIDS.ZS,,,,,,,,,,,,,,,,,,,,,,,,,,,,,,,10.1,11.8,13.3,14.5,15.5,16.1,16.5,16.7,16.7,16.5,16.2,15.9,15.4,14.9,14.5,14.1,13.8,13.5,13.3,13.1,13,12.9,12.7,12.5,12.3,12.1,11.8,11.6,11.3,
Zimbabwe,ZWE,"Prevalence of HIV, total (% of population ages 15-49)",SH.DYN.AIDS.ZS,,,,,,,,,,,,,,,,,,,,,,,,,,,,,,,17,20.4,23.2,25.4,26.8,27.6,27.8,27.5,26.9,26,25,23.8,22.6,21.3,20.1,19,18,17.1,16.4,15.8,15.4,15,14.7,14.4,14.1,13.8,13.4,13.1,12.7,